Connecting to 89.116.53.41...
*resp* '220 FTP Server ready.'
*cmd* 'AUTH TLS'
*resp* '234 AUTH TLS successful'
*cmd* 'USER u866168581.coolkee.fun'
*resp* '331 Password required for u866168581.coolkee.fun'
*cmd* 'PASS **********'
*resp* '230 User u866168581.coolkee.fun logged in'
*cmd* 'PBSZ 0'
*resp* '200 PBSZ 0 successful'
*cmd* 'PROT P'
*resp* '200 Protection set to Private'
Login successful.
Found 327 files to upload.
*cmd* 'CWD /'
*resp* '250 CWD command successful'
Uploading article_template.html...
*cmd* 'TYPE I'
*resp* '200 Type set to I'
*cmd* 'PASV'
*resp* '227 Entering Passive Mode (89,116,53,41,9,53).'
*cmd* 'STOR article_template.html'
*resp* '150 Opening BINARY mode data connection for article_template.html'
*resp* '226 Transfer complete'
*cmd* 'CWD /'
*resp* '250 CWD command successful'
Uploading favicon.ico...
*cmd* 'TYPE I'
*resp* '200 Type set to I'
*cmd* 'PASV'
*resp* '227 Entering Passive Mode (89,116,53,41,8,112).'
*cmd* 'STOR favicon.ico'
*resp* '150 Opening BINARY mode data connection for favicon.ico'
*resp* '226 Transfer complete'
*cmd* 'CWD /'
*resp* '250 CWD command successful'
Uploading add_schema_comparisons.py...
*cmd* 'TYPE I'
*resp* '200 Type set to I'
*cmd* 'PASV'
*resp* '227 Entering Passive Mode (89,116,53,41,8,195).'
*cmd* 'STOR add_schema_comparisons.py'
*resp* '150 Opening BINARY mode data connection for add_schema_comparisons.py'
*resp* '226 Transfer complete'
*cmd* 'CWD /'
*resp* '250 CWD command successful'
Uploading index.html...
*cmd* 'TYPE I'
*resp* '200 Type set to I'
*cmd* 'PASV'
*resp* '227 Entering Passive Mode (89,116,53,41,9,6).'
*cmd* 'STOR index.html'
*resp* '150 Opening BINARY mode data connection for index.html'
*resp* '226 Transfer complete'
*cmd* 'CWD /'
*resp* '250 CWD command successful'
Uploading article.html...
*cmd* 'TYPE I'
*resp* '200 Type set to I'
*cmd* 'PASV'
*resp* '227 Entering Passive Mode (89,116,53,41,9,28).'
*cmd* 'STOR article.html'
*resp* '150 Opening BINARY mode data connection for article.html'
*resp* '226 Transfer complete'
*cmd* 'CWD /'
*resp* '250 CWD command successful'
Uploading HOW_TO_WRITE_ARTICLES.MD...
*cmd* 'TYPE I'
*resp* '200 Type set to I'
*cmd* 'PASV'
*resp* '227 Entering Passive Mode (89,116,53,41,8,254).'
*cmd* 'STOR HOW_TO_WRITE_ARTICLES.MD'
*resp* '150 Opening BINARY mode data connection for HOW_TO_WRITE_ARTICLES.MD'
*resp* '226 Transfer complete'
*cmd* 'CWD /'
*resp* '250 CWD command successful'
Uploading sitemap.xml...
*cmd* 'TYPE I'
*resp* '200 Type set to I'
*cmd* 'PASV'
*resp* '227 Entering Passive Mode (89,116,53,41,8,206).'
*cmd* 'STOR sitemap.xml'
*resp* '150 Opening BINARY mode data connection for sitemap.xml'
*resp* '226 Transfer complete'
*cmd* 'CWD /'
*resp* '250 CWD command successful'
Uploading template.html...
*cmd* 'TYPE I'
*resp* '200 Type set to I'
*cmd* 'PASV'
*resp* '227 Entering Passive Mode (89,116,53,41,8,63).'
*cmd* 'STOR template.html'
*resp* '150 Opening BINARY mode data connection for template.html'
*resp* '226 Transfer complete'
*cmd* 'CWD /'
*resp* '250 CWD command successful'
Uploading robots.txt...
*cmd* 'TYPE I'
*resp* '200 Type set to I'
*cmd* 'PASV'
*resp* '227 Entering Passive Mode (89,116,53,41,9,61).'
*cmd* 'STOR robots.txt'
*resp* '150 Opening BINARY mode data connection for robots.txt'
*resp* '226 Transfer complete'
*cmd* 'CWD /'
*resp* '250 CWD command successful'
Uploading sitemap.txt...
*cmd* 'TYPE I'
*resp* '200 Type set to I'
*cmd* 'PASV'
*resp* '227 Entering Passive Mode (89,116,53,41,8,124).'
*cmd* 'STOR sitemap.txt'
*resp* '150 Opening BINARY mode data connection for sitemap.txt'
*resp* '226 Transfer complete'
*cmd* 'CWD /'
*resp* '250 CWD command successful'
*cmd* 'CWD css'
*resp* '250 CWD command successful'
*cmd* 'CWD /'
*resp* '250 CWD command successful'
*cmd* 'CWD css'
*resp* '250 CWD command successful'
Uploading css/tailwind.min.css...
*cmd* 'TYPE I'
*resp* '200 Type set to I'
*cmd* 'PASV'
*resp* '227 Entering Passive Mode (89,116,53,41,8,126).'
*cmd* 'STOR tailwind.min.css'
*resp* '150 Opening BINARY mode data connection for tailwind.min.css'
*resp* '226 Transfer complete'
*cmd* 'CWD /'
*resp* '250 CWD command successful'
*cmd* 'CWD css'
*resp* '250 CWD command successful'
Uploading css/styles.css...
*cmd* 'TYPE I'
*resp* '200 Type set to I'
*cmd* 'PASV'
*resp* '227 Entering Passive Mode (89,116,53,41,9,0).'
*cmd* 'STOR styles.css'
*resp* '150 Opening BINARY mode data connection for styles.css'
*resp* '226 Transfer complete'
*cmd* 'CWD /'
*resp* '250 CWD command successful'
*cmd* 'CWD css'
*resp* '250 CWD command successful'
Uploading css/amazon-cta.css...
*cmd* 'TYPE I'
*resp* '200 Type set to I'
*cmd* 'PASV'
*resp* '227 Entering Passive Mode (89,116,53,41,8,198).'
*cmd* 'STOR amazon-cta.css'
*resp* '150 Opening BINARY mode data connection for amazon-cta.css'
*resp* '226 Transfer complete'
*cmd* 'CWD /'
*resp* '250 CWD command successful'
*cmd* 'CWD css'
*resp* '250 CWD command successful'
Uploading css/article.css...
*cmd* 'TYPE I'
*resp* '200 Type set to I'
*cmd* 'PASV'
*resp* '227 Entering Passive Mode (89,116,53,41,9,36).'
*cmd* 'STOR article.css'
*resp* '150 Opening BINARY mode data connection for article.css'
*resp* '226 Transfer complete'
*cmd* 'CWD /'
*resp* '250 CWD command successful'
*cmd* 'CWD images'
*resp* '250 CWD command successful'
*cmd* 'CWD /'
*resp* '250 CWD command successful'
*cmd* 'CWD images'
*resp* '250 CWD command successful'
Uploading images/logo.png...
*cmd* 'TYPE I'
*resp* '200 Type set to I'
*cmd* 'PASV'
*resp* '227 Entering Passive Mode (89,116,53,41,9,20).'
*cmd* 'STOR logo.png'
*resp* '150 Opening BINARY mode data connection for logo.png'
*resp* '226 Transfer complete'
*cmd* 'CWD /'
*resp* '250 CWD command successful'
*cmd* 'CWD images'
*resp* '250 CWD command successful'
*cmd* 'CWD articles'
*resp* '250 CWD command successful'
*cmd* 'CWD /'
*resp* '250 CWD command successful'
*cmd* 'CWD images'
*resp* '250 CWD command successful'
*cmd* 'CWD articles'
*resp* '250 CWD command successful'
Uploading images/articles/iphone-15-pro-max.jpg...
*cmd* 'TYPE I'
*resp* '200 Type set to I'
*cmd* 'PASV'
*resp* '227 Entering Passive Mode (89,116,53,41,8,189).'
*cmd* 'STOR iphone-15-pro-max.jpg'
*resp* '150 Opening BINARY mode data connection for iphone-15-pro-max.jpg'
*resp* '226 Transfer complete'
*cmd* 'CWD /'
*resp* '250 CWD command successful'
*cmd* 'CWD images'
*resp* '250 CWD command successful'
*cmd* 'CWD articles'
*resp* '250 CWD command successful'
Uploading images/articles/article6-cover.jpg...
*cmd* 'TYPE I'
*resp* '200 Type set to I'
*cmd* 'PASV'
*resp* '227 Entering Passive Mode (89,116,53,41,8,172).'
*cmd* 'STOR article6-cover.jpg'
*resp* '150 Opening BINARY mode data connection for article6-cover.jpg'
*resp* '226 Transfer complete'
*cmd* 'CWD /'
*resp* '250 CWD command successful'
*cmd* 'CWD images'
*resp* '250 CWD command successful'
*cmd* 'CWD articles'
*resp* '250 CWD command successful'
Uploading images/articles/cover_top-10-smart-home-gadgets-amazon-2025_1772533992513.jpg...
*cmd* 'TYPE I'
*resp* '200 Type set to I'
*cmd* 'PASV'
*resp* '227 Entering Passive Mode (89,116,53,41,9,5).'
*cmd* 'STOR cover_top-10-smart-home-gadgets-amazon-2025_1772533992513.jpg'
*resp* '150 Opening BINARY mode data connection for cover_top-10-smart-home-gadgets-amazon-2025_1772533992513.jpg'
*resp* '226 Transfer complete'
*cmd* 'CWD /'
*resp* '250 CWD command successful'
*cmd* 'CWD images'
*resp* '250 CWD command successful'
*cmd* 'CWD articles'
*resp* '250 CWD command successful'
Uploading images/articles/smart-home-gadgets-2025.jpg...
*cmd* 'TYPE I'
*resp* '200 Type set to I'
*cmd* 'PASV'
*resp* '227 Entering Passive Mode (89,116,53,41,9,78).'
*cmd* 'STOR smart-home-gadgets-2025.jpg'
*resp* '150 Opening BINARY mode data connection for smart-home-gadgets-2025.jpg'
*resp* '226 Transfer complete'
*cmd* 'CWD /'
*resp* '250 CWD command successful'
*cmd* 'CWD images'
*resp* '250 CWD command successful'
*cmd* 'CWD articles'
*resp* '250 CWD command successful'
Uploading images/articles/ai-tech-products-2025.jpg...
*cmd* 'TYPE I'
*resp* '200 Type set to I'
*cmd* 'PASV'
*resp* '227 Entering Passive Mode (89,116,53,41,9,29).'
*cmd* 'STOR ai-tech-products-2025.jpg'
*resp* '150 Opening BINARY mode data connection for ai-tech-products-2025.jpg'
*resp* '226 Transfer complete'
*cmd* 'CWD /'
*resp* '250 CWD command successful'
*cmd* 'CWD images'
*resp* '250 CWD command successful'
*cmd* 'CWD articles'
*resp* '250 CWD command successful'
Uploading images/articles/cover_summer-2025-laptop-buying-guide_1772533844234.jpg...
*cmd* 'TYPE I'
*resp* '200 Type set to I'
*cmd* 'PASV'
*resp* '227 Entering Passive Mode (89,116,53,41,8,55).'
*cmd* 'STOR cover_summer-2025-laptop-buying-guide_1772533844234.jpg'
*resp* '150 Opening BINARY mode data connection for cover_summer-2025-laptop-buying-guide_1772533844234.jpg'
*resp* '226 Transfer complete'
*cmd* 'CWD /'
*resp* '250 CWD command successful'
*cmd* 'CWD images'
*resp* '250 CWD command successful'
*cmd* 'CWD articles'
*resp* '250 CWD command successful'
Uploading images/articles/best-laptops-2025.jpg...
*cmd* 'TYPE I'
*resp* '200 Type set to I'
*cmd* 'PASV'
*resp* '227 Entering Passive Mode (89,116,53,41,9,8).'
*cmd* 'STOR best-laptops-2025.jpg'
*resp* '150 Opening BINARY mode data connection for best-laptops-2025.jpg'
*resp* '226 Transfer complete'
*cmd* 'CWD /'
*resp* '250 CWD command successful'
*cmd* 'CWD images'
*resp* '250 CWD command successful'
*cmd* 'CWD articles'
*resp* '250 CWD command successful'
Uploading images/articles/sony-xm5-black.jpg...
*cmd* 'TYPE I'
*resp* '200 Type set to I'
*cmd* 'PASV'
*resp* '227 Entering Passive Mode (89,116,53,41,9,30).'
*cmd* 'STOR sony-xm5-black.jpg'
*resp* '150 Opening BINARY mode data connection for sony-xm5-black.jpg'
*resp* '226 Transfer complete'
*cmd* 'CWD /'
*resp* '250 CWD command successful'
*cmd* 'CWD images'
*resp* '250 CWD command successful'
*cmd* 'CWD articles'
*resp* '250 CWD command successful'
Uploading images/articles/cover_best-amazon-gadgets-march-2025_1772533913623.jpg...
*cmd* 'TYPE I'
*resp* '200 Type set to I'
*cmd* 'PASV'
*resp* '227 Entering Passive Mode (89,116,53,41,8,167).'
*cmd* 'STOR cover_best-amazon-gadgets-march-2025_1772533913623.jpg'
*resp* '150 Opening BINARY mode data connection for cover_best-amazon-gadgets-march-2025_1772533913623.jpg'
*resp* '226 Transfer complete'
*cmd* 'CWD /'
*resp* '250 CWD command successful'
*cmd* 'CWD images'
*resp* '250 CWD command successful'
*cmd* 'CWD articles'
*resp* '250 CWD command successful'
Uploading images/articles/cover_sony-wh-1000xm5-review_1772533836261.jpg...
*cmd* 'TYPE I'
*resp* '200 Type set to I'
*cmd* 'PASV'
*resp* '227 Entering Passive Mode (89,116,53,41,9,25).'
*cmd* 'STOR cover_sony-wh-1000xm5-review_1772533836261.jpg'
*resp* '150 Opening BINARY mode data connection for cover_sony-wh-1000xm5-review_1772533836261.jpg'
*resp* '226 Transfer complete'
*cmd* 'CWD /'
*resp* '250 CWD command successful'
*cmd* 'CWD images'
*resp* '250 CWD command successful'
*cmd* 'CWD articles'
*resp* '250 CWD command successful'
Uploading images/articles/iphone-17-pro-max-performance.jpg...
*cmd* 'TYPE I'
*resp* '200 Type set to I'
*cmd* 'PASV'
*resp* '227 Entering Passive Mode (89,116,53,41,8,132).'
*cmd* 'STOR iphone-17-pro-max-performance.jpg'
*resp* '150 Opening BINARY mode data connection for iphone-17-pro-max-performance.jpg'
*resp* '226 Transfer complete'
*cmd* 'CWD /'
*resp* '250 CWD command successful'
*cmd* 'CWD images'
*resp* '250 CWD command successful'
*cmd* 'CWD articles'
*resp* '250 CWD command successful'
Uploading images/articles/macbook-m5.jpg...
*cmd* 'TYPE I'
*resp* '200 Type set to I'
*cmd* 'PASV'
*resp* '227 Entering Passive Mode (89,116,53,41,8,120).'
*cmd* 'STOR macbook-m5.jpg'
*resp* '150 Opening BINARY mode data connection for macbook-m5.jpg'
*resp* '226 Transfer complete'
*cmd* 'CWD /'
*resp* '250 CWD command successful'
*cmd* 'CWD images'
*resp* '250 CWD command successful'
*cmd* 'CWD articles'
*resp* '250 CWD command successful'
Uploading images/articles/cover_iphone-17-vs-samsung-s25_1772533970022.jpg...
*cmd* 'TYPE I'
*resp* '200 Type set to I'
*cmd* 'PASV'
*resp* '227 Entering Passive Mode (89,116,53,41,8,152).'
*cmd* 'STOR cover_iphone-17-vs-samsung-s25_1772533970022.jpg'
*resp* '150 Opening BINARY mode data connection for cover_iphone-17-vs-samsung-s25_1772533970022.jpg'
*resp* '226 Transfer complete'
*cmd* 'CWD /'
*resp* '250 CWD command successful'
*cmd* 'CWD images'
*resp* '250 CWD command successful'
*cmd* 'CWD articles'
*resp* '250 CWD command successful'
Uploading images/articles/content_best-gaming-accessories-2025_2_1772533778451.jpg...
*cmd* 'TYPE I'
*resp* '200 Type set to I'
*cmd* 'PASV'
*resp* '227 Entering Passive Mode (89,116,53,41,8,125).'
*cmd* 'STOR content_best-gaming-accessories-2025_2_1772533778451.jpg'
*resp* '150 Opening BINARY mode data connection for content_best-gaming-accessories-2025_2_1772533778451.jpg'
*resp* '226 Transfer complete'
*cmd* 'CWD /'
*resp* '250 CWD command successful'
*cmd* 'CWD images'
*resp* '250 CWD command successful'
*cmd* 'CWD articles'
*resp* '250 CWD command successful'
Uploading images/articles/cover_top-wireless-earbuds-2025-comparison_1772533866430.jpg...
*cmd* 'TYPE I'
*resp* '200 Type set to I'
*cmd* 'PASV'
*resp* '227 Entering Passive Mode (89,116,53,41,8,70).'
*cmd* 'STOR cover_top-wireless-earbuds-2025-comparison_1772533866430.jpg'
*resp* '150 Opening BINARY mode data connection for cover_top-wireless-earbuds-2025-comparison_1772533866430.jpg'
*resp* '226 Transfer complete'
*cmd* 'CWD /'
*resp* '250 CWD command successful'
*cmd* 'CWD images'
*resp* '250 CWD command successful'
*cmd* 'CWD articles'
*resp* '250 CWD command successful'
Uploading images/articles/apple-watch-s10-main.jpg...
*cmd* 'TYPE I'
*resp* '200 Type set to I'
*cmd* 'PASV'
*resp* '227 Entering Passive Mode (89,116,53,41,9,53).'
*cmd* 'STOR apple-watch-s10-main.jpg'
*resp* '150 Opening BINARY mode data connection for apple-watch-s10-main.jpg'
*resp* '226 Transfer complete'
*cmd* 'CWD /'
*resp* '250 CWD command successful'
*cmd* 'CWD images'
*resp* '250 CWD command successful'
*cmd* 'CWD articles'
*resp* '250 CWD command successful'
Uploading images/articles/cover_best-gaming-headsets-2025_1772533935657.jpg...
*cmd* 'TYPE I'
*resp* '200 Type set to I'
*cmd* 'PASV'
*resp* '227 Entering Passive Mode (89,116,53,41,8,82).'
*cmd* 'STOR cover_best-gaming-headsets-2025_1772533935657.jpg'
*resp* '150 Opening BINARY mode data connection for cover_best-gaming-headsets-2025_1772533935657.jpg'
*resp* '226 Transfer complete'
*cmd* 'CWD /'
*resp* '250 CWD command successful'
*cmd* 'CWD images'
*resp* '250 CWD command successful'
*cmd* 'CWD articles'
*resp* '250 CWD command successful'
Uploading images/articles/cover_top-10-smart-home-gadgets-amazon-2025_1772533849473.jpg...
*cmd* 'TYPE I'
*resp* '200 Type set to I'
*cmd* 'PASV'
*resp* '227 Entering Passive Mode (89,116,53,41,8,130).'
*cmd* 'STOR cover_top-10-smart-home-gadgets-amazon-2025_1772533849473.jpg'
*resp* '150 Opening BINARY mode data connection for cover_top-10-smart-home-gadgets-amazon-2025_1772533849473.jpg'
*resp* '226 Transfer complete'
*cmd* 'CWD /'
*resp* '250 CWD command successful'
*cmd* 'CWD images'
*resp* '250 CWD command successful'
*cmd* 'CWD articles'
*resp* '250 CWD command successful'
Uploading images/articles/cover_best-gaming-headsets-2025_1771430150768.jpg...
*cmd* 'TYPE I'
*resp* '200 Type set to I'
*cmd* 'PASV'
*resp* '227 Entering Passive Mode (89,116,53,41,8,153).'
*cmd* 'STOR cover_best-gaming-headsets-2025_1771430150768.jpg'
*resp* '150 Opening BINARY mode data connection for cover_best-gaming-headsets-2025_1771430150768.jpg'
*resp* '226 Transfer complete'
*cmd* 'CWD /'
*resp* '250 CWD command successful'
*cmd* 'CWD images'
*resp* '250 CWD command successful'
*cmd* 'CWD articles'
*resp* '250 CWD command successful'
Uploading images/articles/cover_best-eco-friendly-products-amazon-2025_1772533925055.jpg...
*cmd* 'TYPE I'
*resp* '200 Type set to I'
*cmd* 'PASV'
*resp* '227 Entering Passive Mode (89,116,53,41,9,36).'
*cmd* 'STOR cover_best-eco-friendly-products-amazon-2025_1772533925055.jpg'
*resp* '150 Opening BINARY mode data connection for cover_best-eco-friendly-products-amazon-2025_1772533925055.jpg'
*resp* '226 Transfer complete'
*cmd* 'CWD /'
*resp* '250 CWD command successful'
*cmd* 'CWD images'
*resp* '250 CWD command successful'
*cmd* 'CWD articles'
*resp* '250 CWD command successful'
Uploading images/articles/cover_best-mechanical-keyboards-2025_1771430379013.jpg...
*cmd* 'TYPE I'
*resp* '200 Type set to I'
*cmd* 'PASV'
*resp* '227 Entering Passive Mode (89,116,53,41,8,63).'
*cmd* 'STOR cover_best-mechanical-keyboards-2025_1771430379013.jpg'
*resp* '150 Opening BINARY mode data connection for cover_best-mechanical-keyboards-2025_1771430379013.jpg'
*resp* '226 Transfer complete'
*cmd* 'CWD /'
*resp* '250 CWD command successful'
*cmd* 'CWD images'
*resp* '250 CWD command successful'
*cmd* 'CWD articles'
*resp* '250 CWD command successful'
Uploading images/articles/cover_dji-mini-4-pro-review_1772533957827.jpg...
*cmd* 'TYPE I'
*resp* '200 Type set to I'
*cmd* 'PASV'
*resp* '227 Entering Passive Mode (89,116,53,41,8,56).'
*cmd* 'STOR cover_dji-mini-4-pro-review_1772533957827.jpg'
*resp* '150 Opening BINARY mode data connection for cover_dji-mini-4-pro-review_1772533957827.jpg'
*resp* '226 Transfer complete'
*cmd* 'CWD /'
*resp* '250 CWD command successful'
*cmd* 'CWD images'
*resp* '250 CWD command successful'
*cmd* 'CWD articles'
*resp* '250 CWD command successful'
Uploading images/articles/2026-flagship-guide-main.jpg...
*cmd* 'TYPE I'
*resp* '200 Type set to I'
*cmd* 'PASV'
*resp* '227 Entering Passive Mode (89,116,53,41,8,146).'
*cmd* 'STOR 2026-flagship-guide-main.jpg'
*resp* '150 Opening BINARY mode data connection for 2026-flagship-guide-main.jpg'
*resp* '226 Transfer complete'
*cmd* 'CWD /'
*resp* '250 CWD command successful'
*cmd* 'CWD images'
*resp* '250 CWD command successful'
*cmd* 'CWD articles'
*resp* '250 CWD command successful'
Uploading images/articles/cover_article1_1772533886184.jpg...
*cmd* 'TYPE I'
*resp* '200 Type set to I'
*cmd* 'PASV'
*resp* '227 Entering Passive Mode (89,116,53,41,8,74).'
*cmd* 'STOR cover_article1_1772533886184.jpg'
*resp* '150 Opening BINARY mode data connection for cover_article1_1772533886184.jpg'
*resp* '226 Transfer complete'
*cmd* 'CWD /'
*resp* '250 CWD command successful'
*cmd* 'CWD images'
*resp* '250 CWD command successful'
*cmd* 'CWD articles'
*resp* '250 CWD command successful'
Uploading images/articles/samsung-quantum-dot-oled-tv.jpg...
*cmd* 'TYPE I'
*resp* '200 Type set to I'
*cmd* 'PASV'
*resp* '227 Entering Passive Mode (89,116,53,41,9,65).'
*cmd* 'STOR samsung-quantum-dot-oled-tv.jpg'
*resp* '150 Opening BINARY mode data connection for samsung-quantum-dot-oled-tv.jpg'
*resp* '226 Transfer complete'
*cmd* 'CWD /'
*resp* '250 CWD command successful'
*cmd* 'CWD images'
*resp* '250 CWD command successful'
*cmd* 'CWD articles'
*resp* '250 CWD command successful'
Uploading images/articles/tech-gadgets-2025-main.jpg...
*cmd* 'TYPE I'
*resp* '200 Type set to I'
*cmd* 'PASV'
*resp* '227 Entering Passive Mode (89,116,53,41,8,219).'
*cmd* 'STOR tech-gadgets-2025-main.jpg'
*resp* '150 Opening BINARY mode data connection for tech-gadgets-2025-main.jpg'
*resp* '226 Transfer complete'
*cmd* 'CWD /'
*resp* '250 CWD command successful'
*cmd* 'CWD images'
*resp* '250 CWD command successful'
*cmd* 'CWD articles'
*resp* '250 CWD command successful'
Uploading images/articles/framework-laptop.jpg...
*cmd* 'TYPE I'
*resp* '200 Type set to I'
*cmd* 'PASV'
*resp* '227 Entering Passive Mode (89,116,53,41,8,149).'
*cmd* 'STOR framework-laptop.jpg'
*resp* '150 Opening BINARY mode data connection for framework-laptop.jpg'
*resp* '226 Transfer complete'
*cmd* 'CWD /'
*resp* '250 CWD command successful'
*cmd* 'CWD images'
*resp* '250 CWD command successful'
*cmd* 'CWD articles'
*resp* '250 CWD command successful'
Uploading images/articles/cover_best-smart-home-devices-2025_1771430240012.jpg...
*cmd* 'TYPE I'
*resp* '200 Type set to I'
*cmd* 'PASV'
*resp* '227 Entering Passive Mode (89,116,53,41,8,226).'
*cmd* 'STOR cover_best-smart-home-devices-2025_1771430240012.jpg'
*resp* '150 Opening BINARY mode data connection for cover_best-smart-home-devices-2025_1771430240012.jpg'
*resp* '226 Transfer complete'
*cmd* 'CWD /'
*resp* '250 CWD command successful'
*cmd* 'CWD images'
*resp* '250 CWD command successful'
*cmd* 'CWD articles'
*resp* '250 CWD command successful'
Uploading images/articles/cover_article9_1772533746565.jpg...
*cmd* 'TYPE I'
*resp* '200 Type set to I'
*cmd* 'PASV'
*resp* '227 Entering Passive Mode (89,116,53,41,8,65).'
*cmd* 'STOR cover_article9_1772533746565.jpg'
*resp* '150 Opening BINARY mode data connection for cover_article9_1772533746565.jpg'
*resp* '226 Transfer complete'
*cmd* 'CWD /'
*resp* '250 CWD command successful'
*cmd* 'CWD images'
*resp* '250 CWD command successful'
*cmd* 'CWD articles'
*resp* '250 CWD command successful'
Uploading images/articles/soundcore-space.jpg...
*cmd* 'TYPE I'
*resp* '200 Type set to I'
*cmd* 'PASV'
*resp* '227 Entering Passive Mode (89,116,53,41,8,90).'
*cmd* 'STOR soundcore-space.jpg'
*resp* '150 Opening BINARY mode data connection for soundcore-space.jpg'
*resp* '226 Transfer complete'
*cmd* 'CWD /'
*resp* '250 CWD command successful'
*cmd* 'CWD images'
*resp* '250 CWD command successful'
*cmd* 'CWD articles'
*resp* '250 CWD command successful'
Uploading images/articles/polaroid-now.jpg...
*cmd* 'TYPE I'
*resp* '200 Type set to I'
*cmd* 'PASV'
*resp* '227 Entering Passive Mode (89,116,53,41,8,150).'
*cmd* 'STOR polaroid-now.jpg'
*resp* '150 Opening BINARY mode data connection for polaroid-now.jpg'
*resp* '226 Transfer complete'
*cmd* 'CWD /'
*resp* '250 CWD command successful'
*cmd* 'CWD images'
*resp* '250 CWD command successful'
*cmd* 'CWD articles'
*resp* '250 CWD command successful'
Uploading images/articles/cover_best-smart-home-devices-2025_1772533944345.jpg...
*cmd* 'TYPE I'
*resp* '200 Type set to I'
*cmd* 'PASV'
*resp* '227 Entering Passive Mode (89,116,53,41,8,203).'
*cmd* 'STOR cover_best-smart-home-devices-2025_1772533944345.jpg'
*resp* '150 Opening BINARY mode data connection for cover_best-smart-home-devices-2025_1772533944345.jpg'
*resp* '226 Transfer complete'
*cmd* 'CWD /'
*resp* '250 CWD command successful'
*cmd* 'CWD images'
*resp* '250 CWD command successful'
*cmd* 'CWD articles'
*resp* '250 CWD command successful'
Uploading images/articles/dji-mini-4-flight.jpg...
*cmd* 'TYPE I'
*resp* '200 Type set to I'
*cmd* 'PASV'
*resp* '227 Entering Passive Mode (89,116,53,41,8,210).'
*cmd* 'STOR dji-mini-4-flight.jpg'
*resp* '150 Opening BINARY mode data connection for dji-mini-4-flight.jpg'
*resp* '226 Transfer complete'
*cmd* 'CWD /'
*resp* '250 CWD command successful'
*cmd* 'CWD images'
*resp* '250 CWD command successful'
*cmd* 'CWD articles'
*resp* '250 CWD command successful'
Uploading images/articles/cover_top-ai-gadgets-amazon-2025_1772534001676.jpg...
*cmd* 'TYPE I'
*resp* '200 Type set to I'
*cmd* 'PASV'
*resp* '227 Entering Passive Mode (89,116,53,41,8,60).'
*cmd* 'STOR cover_top-ai-gadgets-amazon-2025_1772534001676.jpg'
*resp* '150 Opening BINARY mode data connection for cover_top-ai-gadgets-amazon-2025_1772534001676.jpg'
*resp* '226 Transfer complete'
*cmd* 'CWD /'
*resp* '250 CWD command successful'
*cmd* 'CWD images'
*resp* '250 CWD command successful'
*cmd* 'CWD articles'
*resp* '250 CWD command successful'
Uploading images/articles/cover_best-portable-monitors-2025_1772533939848.jpg...
*cmd* 'TYPE I'
*resp* '200 Type set to I'
*cmd* 'PASV'
*resp* '227 Entering Passive Mode (89,116,53,41,8,185).'
*cmd* 'STOR cover_best-portable-monitors-2025_1772533939848.jpg'
*resp* '150 Opening BINARY mode data connection for cover_best-portable-monitors-2025_1772533939848.jpg'
*resp* '226 Transfer complete'
*cmd* 'CWD /'
*resp* '250 CWD command successful'
*cmd* 'CWD images'
*resp* '250 CWD command successful'
*cmd* 'CWD articles'
*resp* '250 CWD command successful'
Uploading images/articles/article7-cover.jpg...
*cmd* 'TYPE I'
*resp* '200 Type set to I'
*cmd* 'PASV'
*resp* '227 Entering Passive Mode (89,116,53,41,8,143).'
*cmd* 'STOR article7-cover.jpg'
*resp* '150 Opening BINARY mode data connection for article7-cover.jpg'
*resp* '226 Transfer complete'
*cmd* 'CWD /'
*resp* '250 CWD command successful'
*cmd* 'CWD images'
*resp* '250 CWD command successful'
*cmd* 'CWD articles'
*resp* '250 CWD command successful'
Uploading images/articles/iphone-16-pro-max-colors.jpg...
*cmd* 'TYPE I'
*resp* '200 Type set to I'
*cmd* 'PASV'
*resp* '227 Entering Passive Mode (89,116,53,41,8,64).'
*cmd* 'STOR iphone-16-pro-max-colors.jpg'
*resp* '150 Opening BINARY mode data connection for iphone-16-pro-max-colors.jpg'
*resp* '226 Transfer complete'
*cmd* 'CWD /'
*resp* '250 CWD command successful'
*cmd* 'CWD images'
*resp* '250 CWD command successful'
*cmd* 'CWD articles'
*resp* '250 CWD command successful'
Uploading images/articles/sony-wh-1000xm5-design.jpg...
*cmd* 'TYPE I'
*resp* '200 Type set to I'
*cmd* 'PASV'
*resp* '227 Entering Passive Mode (89,116,53,41,8,98).'
*cmd* 'STOR sony-wh-1000xm5-design.jpg'
*resp* '150 Opening BINARY mode data connection for sony-wh-1000xm5-design.jpg'
*resp* '226 Transfer complete'
*cmd* 'CWD /'
*resp* '250 CWD command successful'
*cmd* 'CWD images'
*resp* '250 CWD command successful'
*cmd* 'CWD articles'
*resp* '250 CWD command successful'
Uploading images/articles/cover_ai-assistants-comparison-2025_1772533716868.jpg...
*cmd* 'TYPE I'
*resp* '200 Type set to I'
*cmd* 'PASV'
*resp* '227 Entering Passive Mode (89,116,53,41,8,77).'
*cmd* 'STOR cover_ai-assistants-comparison-2025_1772533716868.jpg'
*resp* '150 Opening BINARY mode data connection for cover_ai-assistants-comparison-2025_1772533716868.jpg'
*resp* '226 Transfer complete'
*cmd* 'CWD /'
*resp* '250 CWD command successful'
*cmd* 'CWD images'
*resp* '250 CWD command successful'
*cmd* 'CWD articles'
*resp* '250 CWD command successful'
Uploading images/articles/cover_article9_1772533903730.jpg...
*cmd* 'TYPE I'
*resp* '200 Type set to I'
*cmd* 'PASV'
*resp* '227 Entering Passive Mode (89,116,53,41,8,180).'
*cmd* 'STOR cover_article9_1772533903730.jpg'
*resp* '150 Opening BINARY mode data connection for cover_article9_1772533903730.jpg'
*resp* '226 Transfer complete'
*cmd* 'CWD /'
*resp* '250 CWD command successful'
*cmd* 'CWD images'
*resp* '250 CWD command successful'
*cmd* 'CWD articles'
*resp* '250 CWD command successful'
Uploading images/articles/sony-zv5.jpg...
*cmd* 'TYPE I'
*resp* '200 Type set to I'
*cmd* 'PASV'
*resp* '227 Entering Passive Mode (89,116,53,41,9,71).'
*cmd* 'STOR sony-zv5.jpg'
*resp* '150 Opening BINARY mode data connection for sony-zv5.jpg'
*resp* '226 Transfer complete'
*cmd* 'CWD /'
*resp* '250 CWD command successful'
*cmd* 'CWD images'
*resp* '250 CWD command successful'
*cmd* 'CWD articles'
*resp* '250 CWD command successful'
Uploading images/articles/sony-wh-1000xm6-main.jpg...
*cmd* 'TYPE I'
*resp* '200 Type set to I'
*cmd* 'PASV'
*resp* '227 Entering Passive Mode (89,116,53,41,8,158).'
*cmd* 'STOR sony-wh-1000xm6-main.jpg'
*resp* '150 Opening BINARY mode data connection for sony-wh-1000xm6-main.jpg'
*resp* '226 Transfer complete'
*cmd* 'CWD /'
*resp* '250 CWD command successful'
*cmd* 'CWD images'
*resp* '250 CWD command successful'
*cmd* 'CWD articles'
*resp* '250 CWD command successful'
Uploading images/articles/asus-rog-zephyrus-g14-main.jpg...
*cmd* 'TYPE I'
*resp* '200 Type set to I'
*cmd* 'PASV'
*resp* '227 Entering Passive Mode (89,116,53,41,8,248).'
*cmd* 'STOR asus-rog-zephyrus-g14-main.jpg'
*resp* '150 Opening BINARY mode data connection for asus-rog-zephyrus-g14-main.jpg'
*resp* '226 Transfer complete'
*cmd* 'CWD /'
*resp* '250 CWD command successful'
*cmd* 'CWD images'
*resp* '250 CWD command successful'
*cmd* 'CWD articles'
*resp* '250 CWD command successful'
Uploading images/articles/cover_article3_1772533892733.jpg...
*cmd* 'TYPE I'
*resp* '200 Type set to I'
*cmd* 'PASV'
*resp* '227 Entering Passive Mode (89,116,53,41,8,127).'
*cmd* 'STOR cover_article3_1772533892733.jpg'
*resp* '150 Opening BINARY mode data connection for cover_article3_1772533892733.jpg'
*resp* '226 Transfer complete'
*cmd* 'CWD /'
*resp* '250 CWD command successful'
*cmd* 'CWD images'
*resp* '250 CWD command successful'
*cmd* 'CWD articles'
*resp* '250 CWD command successful'
Uploading images/articles/razer-v4-pro-vs-logitech-g915x-comparison-main.jpg...
*cmd* 'TYPE I'
*resp* '200 Type set to I'
*cmd* 'PASV'
*resp* '227 Entering Passive Mode (89,116,53,41,8,231).'
*cmd* 'STOR razer-v4-pro-vs-logitech-g915x-comparison-main.jpg'
*resp* '150 Opening BINARY mode data connection for razer-v4-pro-vs-logitech-g915x-comparison-main.jpg'
*resp* '226 Transfer complete'
*cmd* 'CWD /'
*resp* '250 CWD command successful'
*cmd* 'CWD images'
*resp* '250 CWD command successful'
*cmd* 'CWD articles'
*resp* '250 CWD command successful'
Uploading images/articles/iphone-17-pro-max-camera.jpg...
*cmd* 'TYPE I'
*resp* '200 Type set to I'
*cmd* 'PASV'
*resp* '227 Entering Passive Mode (89,116,53,41,9,10).'
*cmd* 'STOR iphone-17-pro-max-camera.jpg'
*resp* '150 Opening BINARY mode data connection for iphone-17-pro-max-camera.jpg'
*resp* '226 Transfer complete'
*cmd* 'CWD /'
*resp* '250 CWD command successful'
*cmd* 'CWD images'
*resp* '250 CWD command successful'
*cmd* 'CWD articles'
*resp* '250 CWD command successful'
Uploading images/articles/cover_article4_1772533740781.jpg...
*cmd* 'TYPE I'
*resp* '200 Type set to I'
*cmd* 'PASV'
*resp* '227 Entering Passive Mode (89,116,53,41,8,85).'
*cmd* 'STOR cover_article4_1772533740781.jpg'
*resp* '150 Opening BINARY mode data connection for cover_article4_1772533740781.jpg'
*resp* '226 Transfer complete'
*cmd* 'CWD /'
*resp* '250 CWD command successful'
*cmd* 'CWD images'
*resp* '250 CWD command successful'
*cmd* 'CWD articles'
*resp* '250 CWD command successful'
Uploading images/articles/macbook-pro-m3.jpg...
*cmd* 'TYPE I'
*resp* '200 Type set to I'
*cmd* 'PASV'
*resp* '227 Entering Passive Mode (89,116,53,41,9,6).'
*cmd* 'STOR macbook-pro-m3.jpg'
*resp* '150 Opening BINARY mode data connection for macbook-pro-m3.jpg'
*resp* '226 Transfer complete'
*cmd* 'CWD /'
*resp* '250 CWD command successful'
*cmd* 'CWD images'
*resp* '250 CWD command successful'
*cmd* 'CWD articles'
*resp* '250 CWD command successful'
Uploading images/articles/s24-ultra-display.jpg...
*cmd* 'TYPE I'
*resp* '200 Type set to I'
*cmd* 'PASV'
*resp* '227 Entering Passive Mode (89,116,53,41,9,89).'
*cmd* 'STOR s24-ultra-display.jpg'
*resp* '150 Opening BINARY mode data connection for s24-ultra-display.jpg'
*resp* '226 Transfer complete'
*cmd* 'CWD /'
*resp* '250 CWD command successful'
*cmd* 'CWD images'
*resp* '250 CWD command successful'
*cmd* 'CWD articles'
*resp* '250 CWD command successful'
Uploading images/articles/canon-eos-r7c.jpg...
*cmd* 'TYPE I'
*resp* '200 Type set to I'
*cmd* 'PASV'
*resp* '227 Entering Passive Mode (89,116,53,41,8,186).'
*cmd* 'STOR canon-eos-r7c.jpg'
*resp* '150 Opening BINARY mode data connection for canon-eos-r7c.jpg'
*resp* '226 Transfer complete'
*cmd* 'CWD /'
*resp* '250 CWD command successful'
*cmd* 'CWD images'
*resp* '250 CWD command successful'
*cmd* 'CWD articles'
*resp* '250 CWD command successful'
Uploading images/articles/content_article4_0_1771410901958.jpg...
*cmd* 'TYPE I'
*resp* '200 Type set to I'
*cmd* 'PASV'
*resp* '227 Entering Passive Mode (89,116,53,41,8,202).'
*cmd* 'STOR content_article4_0_1771410901958.jpg'
*resp* '150 Opening BINARY mode data connection for content_article4_0_1771410901958.jpg'
*resp* '226 Transfer complete'
*cmd* 'CWD /'
*resp* '250 CWD command successful'
*cmd* 'CWD images'
*resp* '250 CWD command successful'
*cmd* 'CWD articles'
*resp* '250 CWD command successful'
Uploading images/articles/content_article4_1_1771410905245.jpg...
*cmd* 'TYPE I'
*resp* '200 Type set to I'
*cmd* 'PASV'
*resp* '227 Entering Passive Mode (89,116,53,41,8,56).'
*cmd* 'STOR content_article4_1_1771410905245.jpg'
*resp* '150 Opening BINARY mode data connection for content_article4_1_1771410905245.jpg'
*resp* '226 Transfer complete'
*cmd* 'CWD /'
*resp* '250 CWD command successful'
*cmd* 'CWD images'
*resp* '250 CWD command successful'
*cmd* 'CWD articles'
*resp* '250 CWD command successful'
Uploading images/articles/dji-mini-3-pro-main.jpg...
*cmd* 'TYPE I'
*resp* '200 Type set to I'
*cmd* 'PASV'
*resp* '227 Entering Passive Mode (89,116,53,41,8,190).'
*cmd* 'STOR dji-mini-3-pro-main.jpg'
*resp* '150 Opening BINARY mode data connection for dji-mini-3-pro-main.jpg'
*resp* '226 Transfer complete'
*cmd* 'CWD /'
*resp* '250 CWD command successful'
*cmd* 'CWD images'
*resp* '250 CWD command successful'
*cmd* 'CWD articles'
*resp* '250 CWD command successful'
Uploading images/articles/cover_article4_1772533898296.jpg...
*cmd* 'TYPE I'
*resp* '200 Type set to I'
*cmd* 'PASV'
*resp* '227 Entering Passive Mode (89,116,53,41,9,41).'
*cmd* 'STOR cover_article4_1772533898296.jpg'
*resp* '150 Opening BINARY mode data connection for cover_article4_1772533898296.jpg'
*resp* '226 Transfer complete'
*cmd* 'CWD /'
*resp* '250 CWD command successful'
*cmd* 'CWD images'
*resp* '250 CWD command successful'
*cmd* 'CWD articles'
*resp* '250 CWD command successful'
Uploading images/articles/cover_apple-watch-ultra-2-review_1772533881079.jpg...
*cmd* 'TYPE I'
*resp* '200 Type set to I'
*cmd* 'PASV'
*resp* '227 Entering Passive Mode (89,116,53,41,8,79).'
*cmd* 'STOR cover_apple-watch-ultra-2-review_1772533881079.jpg'
*resp* '150 Opening BINARY mode data connection for cover_apple-watch-ultra-2-review_1772533881079.jpg'
*resp* '226 Transfer complete'
*cmd* 'CWD /'
*resp* '250 CWD command successful'
*cmd* 'CWD images'
*resp* '250 CWD command successful'
*cmd* 'CWD articles'
*resp* '250 CWD command successful'
Uploading images/articles/cover_iphone-16-pro-max-review_1772533819702.jpg...
*cmd* 'TYPE I'
*resp* '200 Type set to I'
*cmd* 'PASV'
*resp* '227 Entering Passive Mode (89,116,53,41,8,160).'
*cmd* 'STOR cover_iphone-16-pro-max-review_1772533819702.jpg'
*resp* '150 Opening BINARY mode data connection for cover_iphone-16-pro-max-review_1772533819702.jpg'
*resp* '226 Transfer complete'
*cmd* 'CWD /'
*resp* '250 CWD command successful'
*cmd* 'CWD images'
*resp* '250 CWD command successful'
*cmd* 'CWD articles'
*resp* '250 CWD command successful'
Uploading images/articles/cover_best-4k-monitors-2025_1772533752582.jpg...
*cmd* 'TYPE I'
*resp* '200 Type set to I'
*cmd* 'PASV'
*resp* '227 Entering Passive Mode (89,116,53,41,8,165).'
*cmd* 'STOR cover_best-4k-monitors-2025_1772533752582.jpg'
*resp* '150 Opening BINARY mode data connection for cover_best-4k-monitors-2025_1772533752582.jpg'
*resp* '226 Transfer complete'
*cmd* 'CWD /'
*resp* '250 CWD command successful'
*cmd* 'CWD images'
*resp* '250 CWD command successful'
*cmd* 'CWD articles'
*resp* '250 CWD command successful'
Uploading images/articles/best-gaming-accessories-2025-main.jpg...
*cmd* 'TYPE I'
*resp* '200 Type set to I'
*cmd* 'PASV'
*resp* '227 Entering Passive Mode (89,116,53,41,8,177).'
*cmd* 'STOR best-gaming-accessories-2025-main.jpg'
*resp* '150 Opening BINARY mode data connection for best-gaming-accessories-2025-main.jpg'
*resp* '226 Transfer complete'
*cmd* 'CWD /'
*resp* '250 CWD command successful'
*cmd* 'CWD images'
*resp* '250 CWD command successful'
*cmd* 'CWD articles'
*resp* '250 CWD command successful'
Uploading images/articles/iphone-17-pro-vlogging.jpg...
*cmd* 'TYPE I'
*resp* '200 Type set to I'
*cmd* 'PASV'
*resp* '227 Entering Passive Mode (89,116,53,41,9,78).'
*cmd* 'STOR iphone-17-pro-vlogging.jpg'
*resp* '150 Opening BINARY mode data connection for iphone-17-pro-vlogging.jpg'
*resp* '226 Transfer complete'
*cmd* 'CWD /'
*resp* '250 CWD command successful'
*cmd* 'CWD images'
*resp* '250 CWD command successful'
*cmd* 'CWD articles'
*resp* '250 CWD command successful'
Uploading images/articles/cover_best-portable-monitors-2025_1771430339272.jpg...
*cmd* 'TYPE I'
*resp* '200 Type set to I'
*cmd* 'PASV'
*resp* '227 Entering Passive Mode (89,116,53,41,8,178).'
*cmd* 'STOR cover_best-portable-monitors-2025_1771430339272.jpg'
*resp* '150 Opening BINARY mode data connection for cover_best-portable-monitors-2025_1771430339272.jpg'
*resp* '226 Transfer complete'
*cmd* 'CWD /'
*resp* '250 CWD command successful'
*cmd* 'CWD images'
*resp* '250 CWD command successful'
*cmd* 'CWD articles'
*resp* '250 CWD command successful'
Uploading images/articles/dji-mini-3-pro-alt.jpg...
*cmd* 'TYPE I'
*resp* '200 Type set to I'
*cmd* 'PASV'
*resp* '227 Entering Passive Mode (89,116,53,41,8,215).'
*cmd* 'STOR dji-mini-3-pro-alt.jpg'
*resp* '150 Opening BINARY mode data connection for dji-mini-3-pro-alt.jpg'
*resp* '226 Transfer complete'
*cmd* 'CWD /'
*resp* '250 CWD command successful'
*cmd* 'CWD images'
*resp* '250 CWD command successful'
*cmd* 'CWD articles'
*resp* '250 CWD command successful'
Uploading images/articles/apple-watch-series-10-alt.jpg...
*cmd* 'TYPE I'
*resp* '200 Type set to I'
*cmd* 'PASV'
*resp* '227 Entering Passive Mode (89,116,53,41,8,133).'
*cmd* 'STOR apple-watch-series-10-alt.jpg'
*resp* '150 Opening BINARY mode data connection for apple-watch-series-10-alt.jpg'
*resp* '226 Transfer complete'
*cmd* 'CWD /'
*resp* '250 CWD command successful'
*cmd* 'CWD images'
*resp* '250 CWD command successful'
*cmd* 'CWD articles'
*resp* '250 CWD command successful'
Uploading images/articles/cover_ai-assistants-comparison-2025_1771429942479.jpg...
*cmd* 'TYPE I'
*resp* '200 Type set to I'
*cmd* 'PASV'
*resp* '227 Entering Passive Mode (89,116,53,41,9,74).'
*cmd* 'STOR cover_ai-assistants-comparison-2025_1771429942479.jpg'
*resp* '150 Opening BINARY mode data connection for cover_ai-assistants-comparison-2025_1771429942479.jpg'
*resp* '226 Transfer complete'
*cmd* 'CWD /'
*resp* '250 CWD command successful'
*cmd* 'CWD images'
*resp* '250 CWD command successful'
*cmd* 'CWD articles'
*resp* '250 CWD command successful'
Uploading images/articles/iphone17-camera.jpg...
*cmd* 'TYPE I'
*resp* '200 Type set to I'
*cmd* 'PASV'
*resp* '227 Entering Passive Mode (89,116,53,41,8,74).'
*cmd* 'STOR iphone17-camera.jpg'
*resp* '150 Opening BINARY mode data connection for iphone17-camera.jpg'
*resp* '226 Transfer complete'
*cmd* 'CWD /'
*resp* '250 CWD command successful'
*cmd* 'CWD images'
*resp* '250 CWD command successful'
*cmd* 'CWD articles'
*resp* '250 CWD command successful'
Uploading images/articles/dji-mini-4-pro.jpg...
*cmd* 'TYPE I'
*resp* '200 Type set to I'
*cmd* 'PASV'
*resp* '227 Entering Passive Mode (89,116,53,41,8,142).'
*cmd* 'STOR dji-mini-4-pro.jpg'
*resp* '150 Opening BINARY mode data connection for dji-mini-4-pro.jpg'
*resp* '226 Transfer complete'
*cmd* 'CWD /'
*resp* '250 CWD command successful'
*cmd* 'CWD images'
*resp* '250 CWD command successful'
*cmd* 'CWD articles'
*resp* '250 CWD command successful'
Uploading images/articles/iphone-16-pro-max.jpg...
*cmd* 'TYPE I'
*resp* '200 Type set to I'
*cmd* 'PASV'
*resp* '227 Entering Passive Mode (89,116,53,41,8,164).'
*cmd* 'STOR iphone-16-pro-max.jpg'
*resp* '150 Opening BINARY mode data connection for iphone-16-pro-max.jpg'
*resp* '226 Transfer complete'
*cmd* 'CWD /'
*resp* '250 CWD command successful'
*cmd* 'CWD images'
*resp* '250 CWD command successful'
*cmd* 'CWD articles'
*resp* '250 CWD command successful'
Uploading images/articles/s25-ultra-display.jpg...
*cmd* 'TYPE I'
*resp* '200 Type set to I'
*cmd* 'PASV'
*resp* '227 Entering Passive Mode (89,116,53,41,8,165).'
*cmd* 'STOR s25-ultra-display.jpg'
*resp* '150 Opening BINARY mode data connection for s25-ultra-display.jpg'
*resp* '226 Transfer complete'
*cmd* 'CWD /'
*resp* '250 CWD command successful'
*cmd* 'CWD images'
*resp* '250 CWD command successful'
*cmd* 'CWD articles'
*resp* '250 CWD command successful'
Uploading images/articles/iphone-15-pro-max-colors.jpg...
*cmd* 'TYPE I'
*resp* '200 Type set to I'
*cmd* 'PASV'
*resp* '227 Entering Passive Mode (89,116,53,41,8,154).'
*cmd* 'STOR iphone-15-pro-max-colors.jpg'
*resp* '150 Opening BINARY mode data connection for iphone-15-pro-max-colors.jpg'
*resp* '226 Transfer complete'
*cmd* 'CWD /'
*resp* '250 CWD command successful'
*cmd* 'CWD images'
*resp* '250 CWD command successful'
*cmd* 'CWD articles'
*resp* '250 CWD command successful'
Uploading images/articles/canon-r7c.jpg...
*cmd* 'TYPE I'
*resp* '200 Type set to I'
*cmd* 'PASV'
*resp* '227 Entering Passive Mode (89,116,53,41,8,210).'
*cmd* 'STOR canon-r7c.jpg'
*resp* '150 Opening BINARY mode data connection for canon-r7c.jpg'
*resp* '226 Transfer complete'
*cmd* 'CWD /'
*resp* '250 CWD command successful'
*cmd* 'CWD images'
*resp* '250 CWD command successful'
*cmd* 'CWD articles'
*resp* '250 CWD command successful'
Uploading images/articles/sony-wf-1000xm5.jpg...
*cmd* 'TYPE I'
*resp* '200 Type set to I'
*cmd* 'PASV'
*resp* '227 Entering Passive Mode (89,116,53,41,8,191).'
*cmd* 'STOR sony-wf-1000xm5.jpg'
*resp* '150 Opening BINARY mode data connection for sony-wf-1000xm5.jpg'
*resp* '226 Transfer complete'
*cmd* 'CWD /'
*resp* '250 CWD command successful'
*cmd* 'CWD images'
*resp* '250 CWD command successful'
*cmd* 'CWD articles'
*resp* '250 CWD command successful'
Uploading images/articles/cover_best-wireless-earbuds-2025_1771429901077.jpg...
*cmd* 'TYPE I'
*resp* '200 Type set to I'
*cmd* 'PASV'
*resp* '227 Entering Passive Mode (89,116,53,41,9,26).'
*cmd* 'STOR cover_best-wireless-earbuds-2025_1771429901077.jpg'
*resp* '150 Opening BINARY mode data connection for cover_best-wireless-earbuds-2025_1771429901077.jpg'
*resp* '226 Transfer complete'
*cmd* 'CWD /'
*resp* '250 CWD command successful'
*cmd* 'CWD images'
*resp* '250 CWD command successful'
*cmd* 'CWD articles'
*resp* '250 CWD command successful'
Uploading images/articles/cover_revolutionary-ai-tech-products-amazon-2025_1772533830555.jpg...
*cmd* 'TYPE I'
*resp* '200 Type set to I'
*cmd* 'PASV'
*resp* '227 Entering Passive Mode (89,116,53,41,8,186).'
*cmd* 'STOR cover_revolutionary-ai-tech-products-amazon-2025_1772533830555.jpg'
*resp* '150 Opening BINARY mode data connection for cover_revolutionary-ai-tech-products-amazon-2025_1772533830555.jpg'
*resp* '226 Transfer complete'
*cmd* 'CWD /'
*resp* '250 CWD command successful'
*cmd* 'CWD images'
*resp* '250 CWD command successful'
*cmd* 'CWD articles'
*resp* '250 CWD command successful'
Uploading images/articles/article2-afeela.jpg...
*cmd* 'TYPE I'
*resp* '200 Type set to I'
*cmd* 'PASV'
*resp* '227 Entering Passive Mode (89,116,53,41,9,41).'
*cmd* 'STOR article2-afeela.jpg'
*resp* '150 Opening BINARY mode data connection for article2-afeela.jpg'
*resp* '226 Transfer complete'
*cmd* 'CWD /'
*resp* '250 CWD command successful'
*cmd* 'CWD images'
*resp* '250 CWD command successful'
*cmd* 'CWD articles'
*resp* '250 CWD command successful'
Uploading images/articles/cover_best-eco-friendly-products-amazon-2025_1772533770169.jpg...
*cmd* 'TYPE I'
*resp* '200 Type set to I'
*cmd* 'PASV'
*resp* '227 Entering Passive Mode (89,116,53,41,8,179).'
*cmd* 'STOR cover_best-eco-friendly-products-amazon-2025_1772533770169.jpg'
*resp* '150 Opening BINARY mode data connection for cover_best-eco-friendly-products-amazon-2025_1772533770169.jpg'
*resp* '226 Transfer complete'
*cmd* 'CWD /'
*resp* '250 CWD command successful'
*cmd* 'CWD images'
*resp* '250 CWD command successful'
*cmd* 'CWD articles'
*resp* '250 CWD command successful'
Uploading images/articles/iphone-15-pro-max-camera.jpg...
*cmd* 'TYPE I'
*resp* '200 Type set to I'
*cmd* 'PASV'
*resp* '227 Entering Passive Mode (89,116,53,41,9,5).'
*cmd* 'STOR iphone-15-pro-max-camera.jpg'
*resp* '150 Opening BINARY mode data connection for iphone-15-pro-max-camera.jpg'
*resp* '226 Transfer complete'
*cmd* 'CWD /'
*resp* '250 CWD command successful'
*cmd* 'CWD images'
*resp* '250 CWD command successful'
*cmd* 'CWD articles'
*resp* '250 CWD command successful'
Uploading images/articles/sony-xm5.jpg...
*cmd* 'TYPE I'
*resp* '200 Type set to I'
*cmd* 'PASV'
*resp* '227 Entering Passive Mode (89,116,53,41,8,177).'
*cmd* 'STOR sony-xm5.jpg'
*resp* '150 Opening BINARY mode data connection for sony-xm5.jpg'
*resp* '226 Transfer complete'
*cmd* 'CWD /'
*resp* '250 CWD command successful'
*cmd* 'CWD images'
*resp* '250 CWD command successful'
*cmd* 'CWD articles'
*resp* '250 CWD command successful'
Uploading images/articles/eco-friendly-2025.jpg...
*cmd* 'TYPE I'
*resp* '200 Type set to I'
*cmd* 'PASV'
*resp* '227 Entering Passive Mode (89,116,53,41,8,93).'
*cmd* 'STOR eco-friendly-2025.jpg'
*resp* '150 Opening BINARY mode data connection for eco-friendly-2025.jpg'
*resp* '226 Transfer complete'
*cmd* 'CWD /'
*resp* '250 CWD command successful'
*cmd* 'CWD images'
*resp* '250 CWD command successful'
*cmd* 'CWD articles'
*resp* '250 CWD command successful'
Uploading images/articles/airpods-pro-2.jpg...
*cmd* 'TYPE I'
*resp* '200 Type set to I'
*cmd* 'PASV'
*resp* '227 Entering Passive Mode (89,116,53,41,9,39).'
*cmd* 'STOR airpods-pro-2.jpg'
*resp* '150 Opening BINARY mode data connection for airpods-pro-2.jpg'
*resp* '226 Transfer complete'
*cmd* 'CWD /'
*resp* '250 CWD command successful'
*cmd* 'CWD images'
*resp* '250 CWD command successful'
*cmd* 'CWD articles'
*resp* '250 CWD command successful'
Uploading images/articles/cover_best-gaming-headsets-2025_1772533784942.jpg...
*cmd* 'TYPE I'
*resp* '200 Type set to I'
*cmd* 'PASV'
*resp* '227 Entering Passive Mode (89,116,53,41,8,87).'
*cmd* 'STOR cover_best-gaming-headsets-2025_1772533784942.jpg'
*resp* '150 Opening BINARY mode data connection for cover_best-gaming-headsets-2025_1772533784942.jpg'
*resp* '226 Transfer complete'
*cmd* 'CWD /'
*resp* '250 CWD command successful'
*cmd* 'CWD images'
*resp* '250 CWD command successful'
*cmd* 'CWD articles'
*resp* '250 CWD command successful'
Uploading images/articles/cover_top-5-flagship-gadgets-2025_1772533854396.jpg...
*cmd* 'TYPE I'
*resp* '200 Type set to I'
*cmd* 'PASV'
*resp* '227 Entering Passive Mode (89,116,53,41,8,87).'
*cmd* 'STOR cover_top-5-flagship-gadgets-2025_1772533854396.jpg'
*resp* '150 Opening BINARY mode data connection for cover_top-5-flagship-gadgets-2025_1772533854396.jpg'
*resp* '226 Transfer complete'
*cmd* 'CWD /'
*resp* '250 CWD command successful'
*cmd* 'CWD images'
*resp* '250 CWD command successful'
*cmd* 'CWD articles'
*resp* '250 CWD command successful'
Uploading images/articles/cover_best-amazon-gadgets-march-2025_1772533758253.jpg...
*cmd* 'TYPE I'
*resp* '200 Type set to I'
*cmd* 'PASV'
*resp* '227 Entering Passive Mode (89,116,53,41,8,130).'
*cmd* 'STOR cover_best-amazon-gadgets-march-2025_1772533758253.jpg'
*resp* '150 Opening BINARY mode data connection for cover_best-amazon-gadgets-march-2025_1772533758253.jpg'
*resp* '226 Transfer complete'
*cmd* 'CWD /'
*resp* '250 CWD command successful'
*cmd* 'CWD images'
*resp* '250 CWD command successful'
*cmd* 'CWD articles'
*resp* '250 CWD command successful'
Uploading images/articles/cover_top-5-flagship-gadgets-2025_1772533997120.jpg...
*cmd* 'TYPE I'
*resp* '200 Type set to I'
*cmd* 'PASV'
*resp* '227 Entering Passive Mode (89,116,53,41,8,237).'
*cmd* 'STOR cover_top-5-flagship-gadgets-2025_1772533997120.jpg'
*resp* '150 Opening BINARY mode data connection for cover_top-5-flagship-gadgets-2025_1772533997120.jpg'
*resp* '226 Transfer complete'
*cmd* 'CWD /'
*resp* '250 CWD command successful'
*cmd* 'CWD images'
*resp* '250 CWD command successful'
*cmd* 'CWD articles'
*resp* '250 CWD command successful'
Uploading images/articles/apple-watch-series-9-alt.jpg...
*cmd* 'TYPE I'
*resp* '200 Type set to I'
*cmd* 'PASV'
*resp* '227 Entering Passive Mode (89,116,53,41,8,92).'
*cmd* 'STOR apple-watch-series-9-alt.jpg'
*resp* '150 Opening BINARY mode data connection for apple-watch-series-9-alt.jpg'
*resp* '226 Transfer complete'
*cmd* 'CWD /'
*resp* '250 CWD command successful'
*cmd* 'CWD images'
*resp* '250 CWD command successful'
*cmd* 'CWD articles'
*resp* '250 CWD command successful'
Uploading images/articles/cover_best-smart-home-devices-2025_1772533795419.jpg...
*cmd* 'TYPE I'
*resp* '200 Type set to I'
*cmd* 'PASV'
*resp* '227 Entering Passive Mode (89,116,53,41,9,13).'
*cmd* 'STOR cover_best-smart-home-devices-2025_1772533795419.jpg'
*resp* '150 Opening BINARY mode data connection for cover_best-smart-home-devices-2025_1772533795419.jpg'
*resp* '226 Transfer complete'
*cmd* 'CWD /'
*resp* '250 CWD command successful'
*cmd* 'CWD images'
*resp* '250 CWD command successful'
*cmd* 'CWD articles'
*resp* '250 CWD command successful'
Uploading images/articles/cover_best-tech-gadgets-comparison-2025_1772533948164.jpg...
*cmd* 'TYPE I'
*resp* '200 Type set to I'
*cmd* 'PASV'
*resp* '227 Entering Passive Mode (89,116,53,41,8,183).'
*cmd* 'STOR cover_best-tech-gadgets-comparison-2025_1772533948164.jpg'
*resp* '150 Opening BINARY mode data connection for cover_best-tech-gadgets-comparison-2025_1772533948164.jpg'
*resp* '226 Transfer complete'
*cmd* 'CWD /'
*resp* '250 CWD command successful'
*cmd* 'CWD images'
*resp* '250 CWD command successful'
*cmd* 'CWD articles'
*resp* '250 CWD command successful'
Uploading images/articles/razer-v4-pro-vs-logitech-g915x-comparison-main.webp...
*cmd* 'TYPE I'
*resp* '200 Type set to I'
*cmd* 'PASV'
*resp* '227 Entering Passive Mode (89,116,53,41,8,119).'
*cmd* 'STOR razer-v4-pro-vs-logitech-g915x-comparison-main.webp'
*resp* '150 Opening BINARY mode data connection for razer-v4-pro-vs-logitech-g915x-comparison-main.webp'
*resp* '226 Transfer complete'
*cmd* 'CWD /'
*resp* '250 CWD command successful'
*cmd* 'CWD images'
*resp* '250 CWD command successful'
*cmd* 'CWD articles'
*resp* '250 CWD command successful'
Uploading images/articles/holiday-tech-2025.jpg...
*cmd* 'TYPE I'
*resp* '200 Type set to I'
*cmd* 'PASV'
*resp* '227 Entering Passive Mode (89,116,53,41,8,77).'
*cmd* 'STOR holiday-tech-2025.jpg'
*resp* '150 Opening BINARY mode data connection for holiday-tech-2025.jpg'
*resp* '226 Transfer complete'
*cmd* 'CWD /'
*resp* '250 CWD command successful'
*cmd* 'CWD images'
*resp* '250 CWD command successful'
*cmd* 'CWD articles'
*resp* '250 CWD command successful'
Uploading images/articles/cover_best-portable-monitors-2025_1772533790063.jpg...
*cmd* 'TYPE I'
*resp* '200 Type set to I'
*cmd* 'PASV'
*resp* '227 Entering Passive Mode (89,116,53,41,9,40).'
*cmd* 'STOR cover_best-portable-monitors-2025_1772533790063.jpg'
*resp* '150 Opening BINARY mode data connection for cover_best-portable-monitors-2025_1772533790063.jpg'
*resp* '226 Transfer complete'
*cmd* 'CWD /'
*resp* '250 CWD command successful'
*cmd* 'CWD images'
*resp* '250 CWD command successful'
*cmd* 'CWD articles'
*resp* '250 CWD command successful'
Uploading images/articles/sony-wh-1000xm5.jpg...
*cmd* 'TYPE I'
*resp* '200 Type set to I'
*cmd* 'PASV'
*resp* '227 Entering Passive Mode (89,116,53,41,8,244).'
*cmd* 'STOR sony-wh-1000xm5.jpg'
*resp* '150 Opening BINARY mode data connection for sony-wh-1000xm5.jpg'
*resp* '226 Transfer complete'
*cmd* 'CWD /'
*resp* '250 CWD command successful'
*cmd* 'CWD images'
*resp* '250 CWD command successful'
*cmd* 'CWD articles'
*resp* '250 CWD command successful'
Uploading images/articles/sony-wh-1000xm5-anc.jpg...
*cmd* 'TYPE I'
*resp* '200 Type set to I'
*cmd* 'PASV'
*resp* '227 Entering Passive Mode (89,116,53,41,8,60).'
*cmd* 'STOR sony-wh-1000xm5-anc.jpg'
*resp* '150 Opening BINARY mode data connection for sony-wh-1000xm5-anc.jpg'
*resp* '226 Transfer complete'
*cmd* 'CWD /'
*resp* '250 CWD command successful'
*cmd* 'CWD images'
*resp* '250 CWD command successful'
*cmd* 'CWD articles'
*resp* '250 CWD command successful'
Uploading images/articles/cover_dji-mini-4-pro-review_1772533811159.jpg...
*cmd* 'TYPE I'
*resp* '200 Type set to I'
*cmd* 'PASV'
*resp* '227 Entering Passive Mode (89,116,53,41,8,123).'
*cmd* 'STOR cover_dji-mini-4-pro-review_1772533811159.jpg'
*resp* '150 Opening BINARY mode data connection for cover_dji-mini-4-pro-review_1772533811159.jpg'
*resp* '226 Transfer complete'
*cmd* 'CWD /'
*resp* '250 CWD command successful'
*cmd* 'CWD images'
*resp* '250 CWD command successful'
*cmd* 'CWD articles'
*resp* '250 CWD command successful'
Uploading images/articles/galaxy-watch-6.jpg...
*cmd* 'TYPE I'
*resp* '200 Type set to I'
*cmd* 'PASV'
*resp* '227 Entering Passive Mode (89,116,53,41,8,108).'
*cmd* 'STOR galaxy-watch-6.jpg'
*resp* '150 Opening BINARY mode data connection for galaxy-watch-6.jpg'
*resp* '226 Transfer complete'
*cmd* 'CWD /'
*resp* '250 CWD command successful'
*cmd* 'CWD images'
*resp* '250 CWD command successful'
*cmd* 'CWD articles'
*resp* '250 CWD command successful'
Uploading images/articles/samsung-galaxy-s23-ultra.jpg...
*cmd* 'TYPE I'
*resp* '200 Type set to I'
*cmd* 'PASV'
*resp* '227 Entering Passive Mode (89,116,53,41,8,142).'
*cmd* 'STOR samsung-galaxy-s23-ultra.jpg'
*resp* '150 Opening BINARY mode data connection for samsung-galaxy-s23-ultra.jpg'
*resp* '226 Transfer complete'
*cmd* 'CWD /'
*resp* '250 CWD command successful'
*cmd* 'CWD images'
*resp* '250 CWD command successful'
*cmd* 'CWD articles'
*resp* '250 CWD command successful'
Uploading images/articles/cover_sony-wh-1000xm5-review_1772533979862.jpg...
*cmd* 'TYPE I'
*resp* '200 Type set to I'
*cmd* 'PASV'
*resp* '227 Entering Passive Mode (89,116,53,41,8,102).'
*cmd* 'STOR cover_sony-wh-1000xm5-review_1772533979862.jpg'
*resp* '150 Opening BINARY mode data connection for cover_sony-wh-1000xm5-review_1772533979862.jpg'
*resp* '226 Transfer complete'
*cmd* 'CWD /'
*resp* '250 CWD command successful'
*cmd* 'CWD images'
*resp* '250 CWD command successful'
*cmd* 'CWD articles'
*resp* '250 CWD command successful'
Uploading images/articles/content_best-gaming-accessories-2025_0_1772533929586.jpg...
*cmd* 'TYPE I'
*resp* '200 Type set to I'
*cmd* 'PASV'
*resp* '227 Entering Passive Mode (89,116,53,41,8,130).'
*cmd* 'STOR content_best-gaming-accessories-2025_0_1772533929586.jpg'
*resp* '150 Opening BINARY mode data connection for content_best-gaming-accessories-2025_0_1772533929586.jpg'
*resp* '226 Transfer complete'
*cmd* 'CWD /'
*resp* '250 CWD command successful'
*cmd* 'CWD images'
*resp* '250 CWD command successful'
*cmd* 'CWD articles'
*resp* '250 CWD command successful'
Uploading images/articles/cover_best-4k-monitors-2025_1772533908698.jpg...
*cmd* 'TYPE I'
*resp* '200 Type set to I'
*cmd* 'PASV'
*resp* '227 Entering Passive Mode (89,116,53,41,8,232).'
*cmd* 'STOR cover_best-4k-monitors-2025_1772533908698.jpg'
*resp* '150 Opening BINARY mode data connection for cover_best-4k-monitors-2025_1772533908698.jpg'
*resp* '226 Transfer complete'
*cmd* 'CWD /'
*resp* '250 CWD command successful'
*cmd* 'CWD images'
*resp* '250 CWD command successful'
*cmd* 'CWD articles'
*resp* '250 CWD command successful'
Uploading images/articles/article2-cover.jpg...
*cmd* 'TYPE I'
*resp* '200 Type set to I'
*cmd* 'PASV'
*resp* '227 Entering Passive Mode (89,116,53,41,8,214).'
*cmd* 'STOR article2-cover.jpg'
*resp* '150 Opening BINARY mode data connection for article2-cover.jpg'
*resp* '226 Transfer complete'
*cmd* 'CWD /'
*resp* '250 CWD command successful'
*cmd* 'CWD images'
*resp* '250 CWD command successful'
*cmd* 'CWD articles'
*resp* '250 CWD command successful'
Uploading images/articles/cover_best-wireless-earbuds-2025_1772533806435.jpg...
*cmd* 'TYPE I'
*resp* '200 Type set to I'
*cmd* 'PASV'
*resp* '227 Entering Passive Mode (89,116,53,41,8,244).'
*cmd* 'STOR cover_best-wireless-earbuds-2025_1772533806435.jpg'
*resp* '150 Opening BINARY mode data connection for cover_best-wireless-earbuds-2025_1772533806435.jpg'
*resp* '226 Transfer complete'
*cmd* 'CWD /'
*resp* '250 CWD command successful'
*cmd* 'CWD images'
*resp* '250 CWD command successful'
*cmd* 'CWD articles'
*resp* '250 CWD command successful'
Uploading images/articles/iphone-17-pro-max-colors.jpg...
*cmd* 'TYPE I'
*resp* '200 Type set to I'
*cmd* 'PASV'
*resp* '227 Entering Passive Mode (89,116,53,41,9,78).'
*cmd* 'STOR iphone-17-pro-max-colors.jpg'
*resp* '150 Opening BINARY mode data connection for iphone-17-pro-max-colors.jpg'
*resp* '226 Transfer complete'
*cmd* 'CWD /'
*resp* '250 CWD command successful'
*cmd* 'CWD images'
*resp* '250 CWD command successful'
*cmd* 'CWD articles'
*resp* '250 CWD command successful'
Uploading images/articles/dji-pocket-3.jpg...
*cmd* 'TYPE I'
*resp* '200 Type set to I'
*cmd* 'PASV'
*resp* '227 Entering Passive Mode (89,116,53,41,8,73).'
*cmd* 'STOR dji-pocket-3.jpg'
*resp* '150 Opening BINARY mode data connection for dji-pocket-3.jpg'
*resp* '226 Transfer complete'
*cmd* 'CWD /'
*resp* '250 CWD command successful'
*cmd* 'CWD images'
*resp* '250 CWD command successful'
*cmd* 'CWD articles'
*resp* '250 CWD command successful'
Uploading images/articles/cover_article1_1772533728355.jpg...
*cmd* 'TYPE I'
*resp* '200 Type set to I'
*cmd* 'PASV'
*resp* '227 Entering Passive Mode (89,116,53,41,8,84).'
*cmd* 'STOR cover_article1_1772533728355.jpg'
*resp* '150 Opening BINARY mode data connection for cover_article1_1772533728355.jpg'
*resp* '226 Transfer complete'
*cmd* 'CWD /'
*resp* '250 CWD command successful'
*cmd* 'CWD images'
*resp* '250 CWD command successful'
*cmd* 'CWD articles'
*resp* '250 CWD command successful'
Uploading images/articles/iphone-16-pro-max-performance.jpg...
*cmd* 'TYPE I'
*resp* '200 Type set to I'
*cmd* 'PASV'
*resp* '227 Entering Passive Mode (89,116,53,41,9,9).'
*cmd* 'STOR iphone-16-pro-max-performance.jpg'
*resp* '150 Opening BINARY mode data connection for iphone-16-pro-max-performance.jpg'
*resp* '226 Transfer complete'
*cmd* 'CWD /'
*resp* '250 CWD command successful'
*cmd* 'CWD images'
*resp* '250 CWD command successful'
*cmd* 'CWD articles'
*resp* '250 CWD command successful'
Uploading images/articles/cover_top-ai-gadgets-amazon-2025_1772533859330.jpg...
*cmd* 'TYPE I'
*resp* '200 Type set to I'
*cmd* 'PASV'
*resp* '227 Entering Passive Mode (89,116,53,41,8,207).'
*cmd* 'STOR cover_top-ai-gadgets-amazon-2025_1772533859330.jpg'
*resp* '150 Opening BINARY mode data connection for cover_top-ai-gadgets-amazon-2025_1772533859330.jpg'
*resp* '226 Transfer complete'
*cmd* 'CWD /'
*resp* '250 CWD command successful'
*cmd* 'CWD images'
*resp* '250 CWD command successful'
*cmd* 'CWD articles'
*resp* '250 CWD command successful'
Uploading images/articles/cover_apple-watch-ultra-2-review_1772533721800.jpg...
*cmd* 'TYPE I'
*resp* '200 Type set to I'
*cmd* 'PASV'
*resp* '227 Entering Passive Mode (89,116,53,41,9,73).'
*cmd* 'STOR cover_apple-watch-ultra-2-review_1772533721800.jpg'
*resp* '150 Opening BINARY mode data connection for cover_apple-watch-ultra-2-review_1772533721800.jpg'
*resp* '226 Transfer complete'
*cmd* 'CWD /'
*resp* '250 CWD command successful'
*cmd* 'CWD images'
*resp* '250 CWD command successful'
*cmd* 'CWD articles'
*resp* '250 CWD command successful'
Uploading images/articles/oura-ring-4.jpg...
*cmd* 'TYPE I'
*resp* '200 Type set to I'
*cmd* 'PASV'
*resp* '227 Entering Passive Mode (89,116,53,41,8,92).'
*cmd* 'STOR oura-ring-4.jpg'
*resp* '150 Opening BINARY mode data connection for oura-ring-4.jpg'
*resp* '226 Transfer complete'
*cmd* 'CWD /'
*resp* '250 CWD command successful'
*cmd* 'CWD images'
*resp* '250 CWD command successful'
*cmd* 'CWD articles'
*resp* '250 CWD command successful'
Uploading images/articles/apple-watch-ultra-2.jpg...
*cmd* 'TYPE I'
*resp* '200 Type set to I'
*cmd* 'PASV'
*resp* '227 Entering Passive Mode (89,116,53,41,8,117).'
*cmd* 'STOR apple-watch-ultra-2.jpg'
*resp* '150 Opening BINARY mode data connection for apple-watch-ultra-2.jpg'
*resp* '226 Transfer complete'
*cmd* 'CWD /'
*resp* '250 CWD command successful'
*cmd* 'CWD images'
*resp* '250 CWD command successful'
*cmd* 'CWD articles'
*resp* '250 CWD command successful'
Uploading images/articles/cover_summer-2025-laptop-buying-guide_1771429759483.jpg...
*cmd* 'TYPE I'
*resp* '200 Type set to I'
*cmd* 'PASV'
*resp* '227 Entering Passive Mode (89,116,53,41,8,154).'
*cmd* 'STOR cover_summer-2025-laptop-buying-guide_1771429759483.jpg'
*resp* '150 Opening BINARY mode data connection for cover_summer-2025-laptop-buying-guide_1771429759483.jpg'
*resp* '226 Transfer complete'
*cmd* 'CWD /'
*resp* '250 CWD command successful'
*cmd* 'CWD images'
*resp* '250 CWD command successful'
*cmd* 'CWD articles'
*resp* '250 CWD command successful'
Uploading images/articles/iphone-16-pro-max-camera.jpg...
*cmd* 'TYPE I'
*resp* '200 Type set to I'
*cmd* 'PASV'
*resp* '227 Entering Passive Mode (89,116,53,41,8,134).'
*cmd* 'STOR iphone-16-pro-max-camera.jpg'
*resp* '150 Opening BINARY mode data connection for iphone-16-pro-max-camera.jpg'
*resp* '226 Transfer complete'
*cmd* 'CWD /'
*resp* '250 CWD command successful'
*cmd* 'CWD images'
*resp* '250 CWD command successful'
*cmd* 'CWD articles'
*resp* '250 CWD command successful'
Uploading images/articles/content_best-gaming-accessories-2025_0_1772533775379.jpg...
*cmd* 'TYPE I'
*resp* '200 Type set to I'
*cmd* 'PASV'
*resp* '227 Entering Passive Mode (89,116,53,41,8,60).'
*cmd* 'STOR content_best-gaming-accessories-2025_0_1772533775379.jpg'
*resp* '150 Opening BINARY mode data connection for content_best-gaming-accessories-2025_0_1772533775379.jpg'
*resp* '226 Transfer complete'
*cmd* 'CWD /'
*resp* '250 CWD command successful'
*cmd* 'CWD images'
*resp* '250 CWD command successful'
*cmd* 'CWD articles'
*resp* '250 CWD command successful'
Uploading images/articles/article2-ai-pin.jpg...
*cmd* 'TYPE I'
*resp* '200 Type set to I'
*cmd* 'PASV'
*resp* '227 Entering Passive Mode (89,116,53,41,8,190).'
*cmd* 'STOR article2-ai-pin.jpg'
*resp* '150 Opening BINARY mode data connection for article2-ai-pin.jpg'
*resp* '226 Transfer complete'
*cmd* 'CWD /'
*resp* '250 CWD command successful'
*cmd* 'CWD images'
*resp* '250 CWD command successful'
*cmd* 'CWD articles'
*resp* '250 CWD command successful'
Uploading images/articles/cover_article3_1772533733891.jpg...
*cmd* 'TYPE I'
*resp* '200 Type set to I'
*cmd* 'PASV'
*resp* '227 Entering Passive Mode (89,116,53,41,8,169).'
*cmd* 'STOR cover_article3_1772533733891.jpg'
*resp* '150 Opening BINARY mode data connection for cover_article3_1772533733891.jpg'
*resp* '226 Transfer complete'
*cmd* 'CWD /'
*resp* '250 CWD command successful'
*cmd* 'CWD images'
*resp* '250 CWD command successful'
*cmd* 'CWD articles'
*resp* '250 CWD command successful'
Uploading images/articles/bose-quietcomfort-earbuds-ii.jpg...
*cmd* 'TYPE I'
*resp* '200 Type set to I'
*cmd* 'PASV'
*resp* '227 Entering Passive Mode (89,116,53,41,8,138).'
*cmd* 'STOR bose-quietcomfort-earbuds-ii.jpg'
*resp* '150 Opening BINARY mode data connection for bose-quietcomfort-earbuds-ii.jpg'
*resp* '226 Transfer complete'
*cmd* 'CWD /'
*resp* '250 CWD command successful'
*cmd* 'CWD images'
*resp* '250 CWD command successful'
*cmd* 'CWD articles'
*resp* '250 CWD command successful'
Uploading images/articles/samsung-galaxy-watch-6.jpg...
*cmd* 'TYPE I'
*resp* '200 Type set to I'
*cmd* 'PASV'
*resp* '227 Entering Passive Mode (89,116,53,41,8,75).'
*cmd* 'STOR samsung-galaxy-watch-6.jpg'
*resp* '150 Opening BINARY mode data connection for samsung-galaxy-watch-6.jpg'
*resp* '226 Transfer complete'
*cmd* 'CWD /'
*resp* '250 CWD command successful'
*cmd* 'CWD images'
*resp* '250 CWD command successful'
*cmd* 'CWD articles'
*resp* '250 CWD command successful'
Uploading images/articles/iphone-17-pro-max.jpg...
*cmd* 'TYPE I'
*resp* '200 Type set to I'
*cmd* 'PASV'
*resp* '227 Entering Passive Mode (89,116,53,41,8,209).'
*cmd* 'STOR iphone-17-pro-max.jpg'
*resp* '150 Opening BINARY mode data connection for iphone-17-pro-max.jpg'
*resp* '226 Transfer complete'
*cmd* 'CWD /'
*resp* '250 CWD command successful'
*cmd* 'CWD images'
*resp* '250 CWD command successful'
*cmd* 'CWD articles'
*resp* '250 CWD command successful'
Uploading images/articles/iphone-15-pro-max-performance.jpg...
*cmd* 'TYPE I'
*resp* '200 Type set to I'
*cmd* 'PASV'
*resp* '227 Entering Passive Mode (89,116,53,41,8,55).'
*cmd* 'STOR iphone-15-pro-max-performance.jpg'
*resp* '150 Opening BINARY mode data connection for iphone-15-pro-max-performance.jpg'
*resp* '226 Transfer complete'
*cmd* 'CWD /'
*resp* '250 CWD command successful'
*cmd* 'CWD images'
*resp* '250 CWD command successful'
*cmd* 'CWD articles'
*resp* '250 CWD command successful'
Uploading images/articles/article5-cover.jpg...
*cmd* 'TYPE I'
*resp* '200 Type set to I'
*cmd* 'PASV'
*resp* '227 Entering Passive Mode (89,116,53,41,8,207).'
*cmd* 'STOR article5-cover.jpg'
*resp* '150 Opening BINARY mode data connection for article5-cover.jpg'
*resp* '226 Transfer complete'
*cmd* 'CWD /'
*resp* '250 CWD command successful'
*cmd* 'CWD images'
*resp* '250 CWD command successful'
*cmd* 'CWD articles'
*resp* '250 CWD command successful'
Uploading images/articles/content_sony-wh-1000xm5-review_0_1772533839095.jpg...
*cmd* 'TYPE I'
*resp* '200 Type set to I'
*cmd* 'PASV'
*resp* '227 Entering Passive Mode (89,116,53,41,9,21).'
*cmd* 'STOR content_sony-wh-1000xm5-review_0_1772533839095.jpg'
*resp* '150 Opening BINARY mode data connection for content_sony-wh-1000xm5-review_0_1772533839095.jpg'
*resp* '226 Transfer complete'
*cmd* 'CWD /'
*resp* '250 CWD command successful'
*cmd* 'CWD images'
*resp* '250 CWD command successful'
*cmd* 'CWD articles'
*resp* '250 CWD command successful'
Uploading images/articles/cover_ai-assistants-comparison-2025_1772533876324.jpg...
*cmd* 'TYPE I'
*resp* '200 Type set to I'
*cmd* 'PASV'
*resp* '227 Entering Passive Mode (89,116,53,41,8,81).'
*cmd* 'STOR cover_ai-assistants-comparison-2025_1772533876324.jpg'
*resp* '150 Opening BINARY mode data connection for cover_ai-assistants-comparison-2025_1772533876324.jpg'
*resp* '226 Transfer complete'
*cmd* 'CWD /'
*resp* '250 CWD command successful'
*cmd* 'CWD images'
*resp* '250 CWD command successful'
*cmd* 'CWD articles'
*resp* '250 CWD command successful'
Uploading images/articles/microled.jpg...
*cmd* 'TYPE I'
*resp* '200 Type set to I'
*cmd* 'PASV'
*resp* '227 Entering Passive Mode (89,116,53,41,8,152).'
*cmd* 'STOR microled.jpg'
*resp* '150 Opening BINARY mode data connection for microled.jpg'
*resp* '226 Transfer complete'
*cmd* 'CWD /'
*resp* '250 CWD command successful'
*cmd* 'CWD images'
*resp* '250 CWD command successful'
*cmd* 'CWD articles'
*resp* '250 CWD command successful'
Uploading images/articles/iphone-18-pro-leak.jpg...
*cmd* 'TYPE I'
*resp* '200 Type set to I'
*cmd* 'PASV'
*resp* '227 Entering Passive Mode (89,116,53,41,8,170).'
*cmd* 'STOR iphone-18-pro-leak.jpg'
*resp* '150 Opening BINARY mode data connection for iphone-18-pro-leak.jpg'
*resp* '226 Transfer complete'
*cmd* 'CWD /'
*resp* '250 CWD command successful'
*cmd* 'CWD images'
*resp* '250 CWD command successful'
*cmd* 'CWD articles'
*resp* '250 CWD command successful'
Uploading images/articles/sony-wh-1000xm5-app.jpg...
*cmd* 'TYPE I'
*resp* '200 Type set to I'
*cmd* 'PASV'
*resp* '227 Entering Passive Mode (89,116,53,41,8,89).'
*cmd* 'STOR sony-wh-1000xm5-app.jpg'
*resp* '150 Opening BINARY mode data connection for sony-wh-1000xm5-app.jpg'
*resp* '226 Transfer complete'
*cmd* 'CWD /'
*resp* '250 CWD command successful'
*cmd* 'CWD images'
*resp* '250 CWD command successful'
*cmd* 'CWD articles'
*resp* '250 CWD command successful'
Uploading images/articles/alienware-x14.jpg...
*cmd* 'TYPE I'
*resp* '200 Type set to I'
*cmd* 'PASV'
*resp* '227 Entering Passive Mode (89,116,53,41,8,224).'
*cmd* 'STOR alienware-x14.jpg'
*resp* '150 Opening BINARY mode data connection for alienware-x14.jpg'
*resp* '226 Transfer complete'
*cmd* 'CWD /'
*resp* '250 CWD command successful'
*cmd* 'CWD images'
*resp* '250 CWD command successful'
*cmd* 'CWD articles'
*resp* '250 CWD command successful'
Uploading images/articles/cover_summer-2025-laptop-buying-guide_1772533987658.jpg...
*cmd* 'TYPE I'
*resp* '200 Type set to I'
*cmd* 'PASV'
*resp* '227 Entering Passive Mode (89,116,53,41,8,226).'
*cmd* 'STOR cover_summer-2025-laptop-buying-guide_1772533987658.jpg'
*resp* '150 Opening BINARY mode data connection for cover_summer-2025-laptop-buying-guide_1772533987658.jpg'
*resp* '226 Transfer complete'
*cmd* 'CWD /'
*resp* '250 CWD command successful'
*cmd* 'CWD images'
*resp* '250 CWD command successful'
*cmd* 'CWD articles'
*resp* '250 CWD command successful'
Uploading images/articles/cover_iphone-17-vs-samsung-s25_1772533824485.jpg...
*cmd* 'TYPE I'
*resp* '200 Type set to I'
*cmd* 'PASV'
*resp* '227 Entering Passive Mode (89,116,53,41,8,180).'
*cmd* 'STOR cover_iphone-17-vs-samsung-s25_1772533824485.jpg'
*resp* '150 Opening BINARY mode data connection for cover_iphone-17-vs-samsung-s25_1772533824485.jpg'
*resp* '226 Transfer complete'
*cmd* 'CWD /'
*resp* '250 CWD command successful'
*cmd* 'CWD images'
*resp* '250 CWD command successful'
*cmd* 'CWD articles'
*resp* '250 CWD command successful'
Uploading images/articles/gopro-hero13.jpg...
*cmd* 'TYPE I'
*resp* '200 Type set to I'
*cmd* 'PASV'
*resp* '227 Entering Passive Mode (89,116,53,41,9,18).'
*cmd* 'STOR gopro-hero13.jpg'
*resp* '150 Opening BINARY mode data connection for gopro-hero13.jpg'
*resp* '226 Transfer complete'
*cmd* 'CWD /'
*resp* '250 CWD command successful'
*cmd* 'CWD images'
*resp* '250 CWD command successful'
*cmd* 'CWD articles'
*resp* '250 CWD command successful'
Uploading images/articles/sony-zv-5.jpg...
*cmd* 'TYPE I'
*resp* '200 Type set to I'
*cmd* 'PASV'
*resp* '227 Entering Passive Mode (89,116,53,41,9,49).'
*cmd* 'STOR sony-zv-5.jpg'
*resp* '150 Opening BINARY mode data connection for sony-zv-5.jpg'
*resp* '226 Transfer complete'
*cmd* 'CWD /'
*resp* '250 CWD command successful'
*cmd* 'CWD images'
*resp* '250 CWD command successful'
*cmd* 'CWD articles'
*resp* '250 CWD command successful'
Uploading images/articles/cover_best-budget-tech-gadgets-2024_1772533764568.jpg...
*cmd* 'TYPE I'
*resp* '200 Type set to I'
*cmd* 'PASV'
*resp* '227 Entering Passive Mode (89,116,53,41,8,60).'
*cmd* 'STOR cover_best-budget-tech-gadgets-2024_1772533764568.jpg'
*resp* '150 Opening BINARY mode data connection for cover_best-budget-tech-gadgets-2024_1772533764568.jpg'
*resp* '226 Transfer complete'
*cmd* 'CWD /'
*resp* '250 CWD command successful'
*cmd* 'CWD images'
*resp* '250 CWD command successful'
*cmd* 'CWD articles'
*resp* '250 CWD command successful'
Uploading images/articles/cover_best-wireless-earbuds-2025_1772533952980.jpg...
*cmd* 'TYPE I'
*resp* '200 Type set to I'
*cmd* 'PASV'
*resp* '227 Entering Passive Mode (89,116,53,41,8,137).'
*cmd* 'STOR cover_best-wireless-earbuds-2025_1772533952980.jpg'
*resp* '150 Opening BINARY mode data connection for cover_best-wireless-earbuds-2025_1772533952980.jpg'
*resp* '226 Transfer complete'
*cmd* 'CWD /'
*resp* '250 CWD command successful'
*cmd* 'CWD images'
*resp* '250 CWD command successful'
*cmd* 'CWD articles'
*resp* '250 CWD command successful'
Uploading images/articles/article8-cover.jpg...
*cmd* 'TYPE I'
*resp* '200 Type set to I'
*cmd* 'PASV'
*resp* '227 Entering Passive Mode (89,116,53,41,8,198).'
*cmd* 'STOR article8-cover.jpg'
*resp* '150 Opening BINARY mode data connection for article8-cover.jpg'
*resp* '226 Transfer complete'
*cmd* 'CWD /'
*resp* '250 CWD command successful'
*cmd* 'CWD images'
*resp* '250 CWD command successful'
*cmd* 'CWD articles'
*resp* '250 CWD command successful'
Uploading images/articles/cover_best-portable-monitors-2025_1771430297469.jpg...
*cmd* 'TYPE I'
*resp* '200 Type set to I'
*cmd* 'PASV'
*resp* '227 Entering Passive Mode (89,116,53,41,9,87).'
*cmd* 'STOR cover_best-portable-monitors-2025_1771430297469.jpg'
*resp* '150 Opening BINARY mode data connection for cover_best-portable-monitors-2025_1771430297469.jpg'
*resp* '226 Transfer complete'
*cmd* 'CWD /'
*resp* '250 CWD command successful'
*cmd* 'CWD images'
*resp* '250 CWD command successful'
*cmd* 'CWD articles'
*resp* '250 CWD command successful'
Uploading images/articles/cover_ai-assistants-comparison-2025_1771429979469.jpg...
*cmd* 'TYPE I'
*resp* '200 Type set to I'
*cmd* 'PASV'
*resp* '227 Entering Passive Mode (89,116,53,41,8,158).'
*cmd* 'STOR cover_ai-assistants-comparison-2025_1771429979469.jpg'
*resp* '150 Opening BINARY mode data connection for cover_ai-assistants-comparison-2025_1771429979469.jpg'
*resp* '226 Transfer complete'
*cmd* 'CWD /'
*resp* '250 CWD command successful'
*cmd* 'CWD images'
*resp* '250 CWD command successful'
*cmd* 'CWD articles'
*resp* '250 CWD command successful'
Uploading images/articles/apple-airpods-pro-2.jpg...
*cmd* 'TYPE I'
*resp* '200 Type set to I'
*cmd* 'PASV'
*resp* '227 Entering Passive Mode (89,116,53,41,8,230).'
*cmd* 'STOR apple-airpods-pro-2.jpg'
*resp* '150 Opening BINARY mode data connection for apple-airpods-pro-2.jpg'
*resp* '226 Transfer complete'
*cmd* 'CWD /'
*resp* '250 CWD command successful'
*cmd* 'CWD images'
*resp* '250 CWD command successful'
*cmd* 'CWD articles'
*resp* '250 CWD command successful'
Uploading images/articles/samsung-galaxy-s23-ultra-camera.jpg...
*cmd* 'TYPE I'
*resp* '200 Type set to I'
*cmd* 'PASV'
*resp* '227 Entering Passive Mode (89,116,53,41,9,0).'
*cmd* 'STOR samsung-galaxy-s23-ultra-camera.jpg'
*resp* '150 Opening BINARY mode data connection for samsung-galaxy-s23-ultra-camera.jpg'
*resp* '226 Transfer complete'
*cmd* 'CWD /'
*resp* '250 CWD command successful'
*cmd* 'CWD images'
*resp* '250 CWD command successful'
*cmd* 'CWD articles'
*resp* '250 CWD command successful'
Uploading images/articles/cover_iphone-16-pro-max-review_1772533964793.jpg...
*cmd* 'TYPE I'
*resp* '200 Type set to I'
*cmd* 'PASV'
*resp* '227 Entering Passive Mode (89,116,53,41,9,57).'
*cmd* 'STOR cover_iphone-16-pro-max-review_1772533964793.jpg'
*resp* '150 Opening BINARY mode data connection for cover_iphone-16-pro-max-review_1772533964793.jpg'
*resp* '226 Transfer complete'
*cmd* 'CWD /'
*resp* '250 CWD command successful'
*cmd* 'CWD images'
*resp* '250 CWD command successful'
*cmd* 'CWD articles'
*resp* '250 CWD command successful'
Uploading images/articles/apple-watch-series-9-main.jpg...
*cmd* 'TYPE I'
*resp* '200 Type set to I'
*cmd* 'PASV'
*resp* '227 Entering Passive Mode (89,116,53,41,8,208).'
*cmd* 'STOR apple-watch-series-9-main.jpg'
*resp* '150 Opening BINARY mode data connection for apple-watch-series-9-main.jpg'
*resp* '226 Transfer complete'
*cmd* 'CWD /'
*resp* '250 CWD command successful'
*cmd* 'CWD images'
*resp* '250 CWD command successful'
*cmd* 'CWD articles'
*resp* '250 CWD command successful'
Uploading images/articles/article3-cover.jpg...
*cmd* 'TYPE I'
*resp* '200 Type set to I'
*cmd* 'PASV'
*resp* '227 Entering Passive Mode (89,116,53,41,9,41).'
*cmd* 'STOR article3-cover.jpg'
*resp* '150 Opening BINARY mode data connection for article3-cover.jpg'
*resp* '226 Transfer complete'
*cmd* 'CWD /'
*resp* '250 CWD command successful'
*cmd* 'CWD images'
*resp* '250 CWD command successful'
*cmd* 'CWD articles'
*resp* '250 CWD command successful'
Uploading images/articles/razer-blade-14.jpg...
*cmd* 'TYPE I'
*resp* '200 Type set to I'
*cmd* 'PASV'
*resp* '227 Entering Passive Mode (89,116,53,41,8,78).'
*cmd* 'STOR razer-blade-14.jpg'
*resp* '150 Opening BINARY mode data connection for razer-blade-14.jpg'
*resp* '226 Transfer complete'
*cmd* 'CWD /'
*resp* '250 CWD command successful'
*cmd* 'CWD images'
*resp* '250 CWD command successful'
*cmd* 'CWD articles'
*resp* '250 CWD command successful'
Uploading images/articles/article8-mouse.jpg...
*cmd* 'TYPE I'
*resp* '200 Type set to I'
*cmd* 'PASV'
*resp* '227 Entering Passive Mode (89,116,53,41,9,55).'
*cmd* 'STOR article8-mouse.jpg'
*resp* '150 Opening BINARY mode data connection for article8-mouse.jpg'
*resp* '226 Transfer complete'
*cmd* 'CWD /'
*resp* '250 CWD command successful'
*cmd* 'CWD images'
*resp* '250 CWD command successful'
*cmd* 'CWD articles'
*resp* '250 CWD command successful'
Uploading images/articles/cover_best-4k-monitors-2025_1771430329856.jpg...
*cmd* 'TYPE I'
*resp* '200 Type set to I'
*cmd* 'PASV'
*resp* '227 Entering Passive Mode (89,116,53,41,8,79).'
*cmd* 'STOR cover_best-4k-monitors-2025_1771430329856.jpg'
*resp* '150 Opening BINARY mode data connection for cover_best-4k-monitors-2025_1771430329856.jpg'
*resp* '226 Transfer complete'
*cmd* 'CWD /'
*resp* '250 CWD command successful'
*cmd* 'CWD images'
*resp* '250 CWD command successful'
*cmd* 'CWD articles'
*resp* '250 CWD command successful'
Uploading images/articles/content_sony-wh-1000xm5-review_0_1772533982605.jpg...
*cmd* 'TYPE I'
*resp* '200 Type set to I'
*cmd* 'PASV'
*resp* '227 Entering Passive Mode (89,116,53,41,8,87).'
*cmd* 'STOR content_sony-wh-1000xm5-review_0_1772533982605.jpg'
*resp* '150 Opening BINARY mode data connection for content_sony-wh-1000xm5-review_0_1772533982605.jpg'
*resp* '226 Transfer complete'
*cmd* 'CWD /'
*resp* '250 CWD command successful'
*cmd* 'CWD images'
*resp* '250 CWD command successful'
*cmd* 'CWD articles'
*resp* '250 CWD command successful'
Uploading images/articles/dji-mini-3-pro.jpg...
*cmd* 'TYPE I'
*resp* '200 Type set to I'
*cmd* 'PASV'
*resp* '227 Entering Passive Mode (89,116,53,41,8,149).'
*cmd* 'STOR dji-mini-3-pro.jpg'
*resp* '150 Opening BINARY mode data connection for dji-mini-3-pro.jpg'
*resp* '226 Transfer complete'
*cmd* 'CWD /'
*resp* '250 CWD command successful'
*cmd* 'CWD images'
*resp* '250 CWD command successful'
*cmd* 'CWD articles'
*resp* '250 CWD command successful'
Uploading images/articles/iphone17-vs-s25.jpg...
*cmd* 'TYPE I'
*resp* '200 Type set to I'
*cmd* 'PASV'
*resp* '227 Entering Passive Mode (89,116,53,41,8,196).'
*cmd* 'STOR iphone17-vs-s25.jpg'
*resp* '150 Opening BINARY mode data connection for iphone17-vs-s25.jpg'
*resp* '226 Transfer complete'
*cmd* 'CWD /'
*resp* '250 CWD command successful'
*cmd* 'CWD images'
*resp* '250 CWD command successful'
*cmd* 'CWD articles'
*resp* '250 CWD command successful'
Uploading images/articles/apple-watch-series-10-main.jpg...
*cmd* 'TYPE I'
*resp* '200 Type set to I'
*cmd* 'PASV'
*resp* '227 Entering Passive Mode (89,116,53,41,8,173).'
*cmd* 'STOR apple-watch-series-10-main.jpg'
*resp* '150 Opening BINARY mode data connection for apple-watch-series-10-main.jpg'
*resp* '226 Transfer complete'
*cmd* 'CWD /'
*resp* '250 CWD command successful'
*cmd* 'CWD images'
*resp* '250 CWD command successful'
*cmd* 'CWD articles'
*resp* '250 CWD command successful'
Uploading images/articles/cover_best-budget-tech-gadgets-2024_1772533918447.jpg...
*cmd* 'TYPE I'
*resp* '200 Type set to I'
*cmd* 'PASV'
*resp* '227 Entering Passive Mode (89,116,53,41,8,173).'
*cmd* 'STOR cover_best-budget-tech-gadgets-2024_1772533918447.jpg'
*resp* '150 Opening BINARY mode data connection for cover_best-budget-tech-gadgets-2024_1772533918447.jpg'
*resp* '226 Transfer complete'
*cmd* 'CWD /'
*resp* '250 CWD command successful'
*cmd* 'CWD images'
*resp* '250 CWD command successful'
*cmd* 'CWD articles'
*resp* '250 CWD command successful'
Uploading images/articles/cover_revolutionary-ai-tech-products-amazon-2025_1772533975512.jpg...
*cmd* 'TYPE I'
*resp* '200 Type set to I'
*cmd* 'PASV'
*resp* '227 Entering Passive Mode (89,116,53,41,8,54).'
*cmd* 'STOR cover_revolutionary-ai-tech-products-amazon-2025_1772533975512.jpg'
*resp* '150 Opening BINARY mode data connection for cover_revolutionary-ai-tech-products-amazon-2025_1772533975512.jpg'
*resp* '226 Transfer complete'
*cmd* 'CWD /'
*resp* '250 CWD command successful'
*cmd* 'CWD images'
*resp* '250 CWD command successful'
*cmd* 'CWD articles'
*resp* '250 CWD command successful'
Uploading images/articles/apple-watch-series-9.jpg...
*cmd* 'TYPE I'
*resp* '200 Type set to I'
*cmd* 'PASV'
*resp* '227 Entering Passive Mode (89,116,53,41,8,177).'
*cmd* 'STOR apple-watch-series-9.jpg'
*resp* '150 Opening BINARY mode data connection for apple-watch-series-9.jpg'
*resp* '226 Transfer complete'
*cmd* 'CWD /'
*resp* '250 CWD command successful'
*cmd* 'CWD images'
*resp* '250 CWD command successful'
*cmd* 'CWD articles'
*resp* '250 CWD command successful'
Uploading images/articles/asus-rog-zephyrus-g14.jpg...
*cmd* 'TYPE I'
*resp* '200 Type set to I'
*cmd* 'PASV'
*resp* '227 Entering Passive Mode (89,116,53,41,9,72).'
*cmd* 'STOR asus-rog-zephyrus-g14.jpg'
*resp* '150 Opening BINARY mode data connection for asus-rog-zephyrus-g14.jpg'
*resp* '226 Transfer complete'
*cmd* 'CWD /'
*resp* '250 CWD command successful'
*cmd* 'CWD images'
*resp* '250 CWD command successful'
*cmd* 'CWD articles'
*resp* '250 CWD command successful'
Uploading images/articles/cover_top-wireless-earbuds-2025-comparison_1772534006512.jpg...
*cmd* 'TYPE I'
*resp* '200 Type set to I'
*cmd* 'PASV'
*resp* '227 Entering Passive Mode (89,116,53,41,9,23).'
*cmd* 'STOR cover_top-wireless-earbuds-2025-comparison_1772534006512.jpg'
*resp* '150 Opening BINARY mode data connection for cover_top-wireless-earbuds-2025-comparison_1772534006512.jpg'
*resp* '226 Transfer complete'
*cmd* 'CWD /'
*resp* '250 CWD command successful'
*cmd* 'CWD images'
*resp* '250 CWD command successful'
*cmd* 'CWD articles'
*resp* '250 CWD command successful'
Uploading images/articles/content_article4_2_1771410907842.jpg...
*cmd* 'TYPE I'
*resp* '200 Type set to I'
*cmd* 'PASV'
*resp* '227 Entering Passive Mode (89,116,53,41,8,206).'
*cmd* 'STOR content_article4_2_1771410907842.jpg'
*resp* '150 Opening BINARY mode data connection for content_article4_2_1771410907842.jpg'
*resp* '226 Transfer complete'
*cmd* 'CWD /'
*resp* '250 CWD command successful'
*cmd* 'CWD images'
*resp* '250 CWD command successful'
*cmd* 'CWD articles'
*resp* '250 CWD command successful'
Uploading images/articles/sony-wh-1000xm5-case.jpg...
*cmd* 'TYPE I'
*resp* '200 Type set to I'
*cmd* 'PASV'
*resp* '227 Entering Passive Mode (89,116,53,41,8,128).'
*cmd* 'STOR sony-wh-1000xm5-case.jpg'
*resp* '150 Opening BINARY mode data connection for sony-wh-1000xm5-case.jpg'
*resp* '226 Transfer complete'
*cmd* 'CWD /'
*resp* '250 CWD command successful'
*cmd* 'CWD images'
*resp* '250 CWD command successful'
*cmd* 'CWD articles'
*resp* '250 CWD command successful'
Uploading images/articles/sony-wh-1000xm5-main.jpg...
*cmd* 'TYPE I'
*resp* '200 Type set to I'
*cmd* 'PASV'
*resp* '227 Entering Passive Mode (89,116,53,41,8,97).'
*cmd* 'STOR sony-wh-1000xm5-main.jpg'
*resp* '150 Opening BINARY mode data connection for sony-wh-1000xm5-main.jpg'
*resp* '226 Transfer complete'
*cmd* 'CWD /'
*resp* '250 CWD command successful'
*cmd* 'CWD images'
*resp* '250 CWD command successful'
*cmd* 'CWD articles'
*resp* '250 CWD command successful'
Uploading images/articles/content_best-gaming-accessories-2025_2_1772533931718.jpg...
*cmd* 'TYPE I'
*resp* '200 Type set to I'
*cmd* 'PASV'
*resp* '227 Entering Passive Mode (89,116,53,41,8,244).'
*cmd* 'STOR content_best-gaming-accessories-2025_2_1772533931718.jpg'
*resp* '150 Opening BINARY mode data connection for content_best-gaming-accessories-2025_2_1772533931718.jpg'
*resp* '226 Transfer complete'
*cmd* 'CWD /'
*resp* '250 CWD command successful'
*cmd* 'CWD images'
*resp* '250 CWD command successful'
*cmd* 'CWD articles'
*resp* '250 CWD command successful'
Uploading images/articles/cover_best-tech-gadgets-comparison-2025_1772533800756.jpg...
*cmd* 'TYPE I'
*resp* '200 Type set to I'
*cmd* 'PASV'
*resp* '227 Entering Passive Mode (89,116,53,41,9,45).'
*cmd* 'STOR cover_best-tech-gadgets-comparison-2025_1772533800756.jpg'
*resp* '150 Opening BINARY mode data connection for cover_best-tech-gadgets-comparison-2025_1772533800756.jpg'
*resp* '226 Transfer complete'
*cmd* 'CWD /'
*resp* '250 CWD command successful'
*cmd* 'CWD images'
*resp* '250 CWD command successful'
*cmd* 'CWD articles'
*resp* '250 CWD command successful'
Uploading images/articles/article5-solar.jpg...
*cmd* 'TYPE I'
*resp* '200 Type set to I'
*cmd* 'PASV'
*resp* '227 Entering Passive Mode (89,116,53,41,9,16).'
*cmd* 'STOR article5-solar.jpg'
*resp* '150 Opening BINARY mode data connection for article5-solar.jpg'
*resp* '226 Transfer complete'
*cmd* 'CWD /'
*resp* '250 CWD command successful'
*cmd* 'CWD images'
*resp* '250 CWD command successful'
*cmd* 'CWD articles'
*resp* '250 CWD command successful'
Uploading images/articles/cover_article4_1771410899117.jpg...
*cmd* 'TYPE I'
*resp* '200 Type set to I'
*cmd* 'PASV'
*resp* '227 Entering Passive Mode (89,116,53,41,8,72).'
*cmd* 'STOR cover_article4_1771410899117.jpg'
*resp* '150 Opening BINARY mode data connection for cover_article4_1771410899117.jpg'
*resp* '226 Transfer complete'
*cmd* 'CWD /'
*resp* '250 CWD command successful'
*cmd* 'CWD images'
*resp* '250 CWD command successful'
*cmd* 'CWD articles'
*resp* '250 CWD command successful'
Uploading images/articles/asus-rog-zephyrus-g14-alt.jpg...
*cmd* 'TYPE I'
*resp* '200 Type set to I'
*cmd* 'PASV'
*resp* '227 Entering Passive Mode (89,116,53,41,8,223).'
*cmd* 'STOR asus-rog-zephyrus-g14-alt.jpg'
*resp* '150 Opening BINARY mode data connection for asus-rog-zephyrus-g14-alt.jpg'
*resp* '226 Transfer complete'
*cmd* 'CWD /'
*resp* '250 CWD command successful'
*cmd* 'CWD images'
*resp* '250 CWD command successful'
*cmd* 'CWD articles'
*resp* '250 CWD command successful'
*cmd* 'CWD generated'
*resp* '250 CWD command successful'
*cmd* 'CWD /'
*resp* '250 CWD command successful'
*cmd* 'CWD images'
*resp* '250 CWD command successful'
*cmd* 'CWD articles'
*resp* '250 CWD command successful'
*cmd* 'CWD generated'
*resp* '250 CWD command successful'
Uploading images/articles/generated/smart-home-innovative-gadgets-2025-fallback-0.svg...
*cmd* 'TYPE I'
*resp* '200 Type set to I'
*cmd* 'PASV'
*resp* '227 Entering Passive Mode (89,116,53,41,8,225).'
*cmd* 'STOR smart-home-innovative-gadgets-2025-fallback-0.svg'
*resp* '150 Opening BINARY mode data connection for smart-home-innovative-gadgets-2025-fallback-0.svg'
*resp* '226 Transfer complete'
*cmd* 'CWD /'
*resp* '250 CWD command successful'
*cmd* 'CWD images'
*resp* '250 CWD command successful'
*cmd* 'CWD articles'
*resp* '250 CWD command successful'
*cmd* 'CWD generated'
*resp* '250 CWD command successful'
Uploading images/articles/generated/7-gen-1.svg...
*cmd* 'TYPE I'
*resp* '200 Type set to I'
*cmd* 'PASV'
*resp* '227 Entering Passive Mode (89,116,53,41,8,80).'
*cmd* 'STOR 7-gen-1.svg'
*resp* '150 Opening BINARY mode data connection for 7-gen-1.svg'
*resp* '226 Transfer complete'
*cmd* 'CWD /'
*resp* '250 CWD command successful'
*cmd* 'CWD images'
*resp* '250 CWD command successful'
*cmd* 'CWD articles'
*resp* '250 CWD command successful'
*cmd* 'CWD generated'
*resp* '250 CWD command successful'
Uploading images/articles/generated/article8-fallback-1.svg...
*cmd* 'TYPE I'
*resp* '200 Type set to I'
*cmd* 'PASV'
*resp* '227 Entering Passive Mode (89,116,53,41,9,52).'
*cmd* 'STOR article8-fallback-1.svg'
*resp* '150 Opening BINARY mode data connection for article8-fallback-1.svg'
*resp* '226 Transfer complete'
*cmd* 'CWD /'
*resp* '250 CWD command successful'
*cmd* 'CWD images'
*resp* '250 CWD command successful'
*cmd* 'CWD articles'
*resp* '250 CWD command successful'
*cmd* 'CWD generated'
*resp* '250 CWD command successful'
Uploading images/articles/generated/smart-home-innovative-gadgets-2025-fallback-1.svg...
*cmd* 'TYPE I'
*resp* '200 Type set to I'
*cmd* 'PASV'
*resp* '227 Entering Passive Mode (89,116,53,41,8,72).'
*cmd* 'STOR smart-home-innovative-gadgets-2025-fallback-1.svg'
*resp* '150 Opening BINARY mode data connection for smart-home-innovative-gadgets-2025-fallback-1.svg'
*resp* '226 Transfer complete'
*cmd* 'CWD /'
*resp* '250 CWD command successful'
*cmd* 'CWD images'
*resp* '250 CWD command successful'
*cmd* 'CWD articles'
*resp* '250 CWD command successful'
*cmd* 'CWD generated'
*resp* '250 CWD command successful'
Uploading images/articles/generated/7-gen-2.svg...
*cmd* 'TYPE I'
*resp* '200 Type set to I'
*cmd* 'PASV'
*resp* '227 Entering Passive Mode (89,116,53,41,8,72).'
*cmd* 'STOR 7-gen-2.svg'
*resp* '150 Opening BINARY mode data connection for 7-gen-2.svg'
*resp* '226 Transfer complete'
*cmd* 'CWD /'
*resp* '250 CWD command successful'
*cmd* 'CWD images'
*resp* '250 CWD command successful'
*cmd* 'CWD articles'
*resp* '250 CWD command successful'
*cmd* 'CWD generated'
*resp* '250 CWD command successful'
Uploading images/articles/generated/article8-fallback-2.svg...
*cmd* 'TYPE I'
*resp* '200 Type set to I'
*cmd* 'PASV'
*resp* '227 Entering Passive Mode (89,116,53,41,8,115).'
*cmd* 'STOR article8-fallback-2.svg'
*resp* '150 Opening BINARY mode data connection for article8-fallback-2.svg'
*resp* '226 Transfer complete'
*cmd* 'CWD /'
*resp* '250 CWD command successful'
*cmd* 'CWD images'
*resp* '250 CWD command successful'
*cmd* 'CWD articles'
*resp* '250 CWD command successful'
*cmd* 'CWD generated'
*resp* '250 CWD command successful'
Uploading images/articles/generated/smart-home-innovative-gadgets-2025-fallback-2.svg...
*cmd* 'TYPE I'
*resp* '200 Type set to I'
*cmd* 'PASV'
*resp* '227 Entering Passive Mode (89,116,53,41,8,250).'
*cmd* 'STOR smart-home-innovative-gadgets-2025-fallback-2.svg'
*resp* '150 Opening BINARY mode data connection for smart-home-innovative-gadgets-2025-fallback-2.svg'
*resp* '226 Transfer complete'
*cmd* 'CWD /'
*resp* '250 CWD command successful'
*cmd* 'CWD images'
*resp* '250 CWD command successful'
*cmd* 'CWD articles'
*resp* '250 CWD command successful'
*cmd* 'CWD generated'
*resp* '250 CWD command successful'
Uploading images/articles/generated/article9-fallback-2.svg...
*cmd* 'TYPE I'
*resp* '200 Type set to I'
*cmd* 'PASV'
*resp* '227 Entering Passive Mode (89,116,53,41,9,21).'
*cmd* 'STOR article9-fallback-2.svg'
*resp* '150 Opening BINARY mode data connection for article9-fallback-2.svg'
*resp* '226 Transfer complete'
*cmd* 'CWD /'
*resp* '250 CWD command successful'
*cmd* 'CWD images'
*resp* '250 CWD command successful'
*cmd* 'CWD articles'
*resp* '250 CWD command successful'
*cmd* 'CWD generated'
*resp* '250 CWD command successful'
Uploading images/articles/generated/top-time-management-apps-for-freelancers-2025-fallback-0.svg...
*cmd* 'TYPE I'
*resp* '200 Type set to I'
*cmd* 'PASV'
*resp* '227 Entering Passive Mode (89,116,53,41,8,76).'
*cmd* 'STOR top-time-management-apps-for-freelancers-2025-fallback-0.svg'
*resp* '150 Opening BINARY mode data connection for top-time-management-apps-for-freelancers-2025-fallback-0.svg'
*resp* '226 Transfer complete'
*cmd* 'CWD /'
*resp* '250 CWD command successful'
*cmd* 'CWD images'
*resp* '250 CWD command successful'
*cmd* 'CWD articles'
*resp* '250 CWD command successful'
*cmd* 'CWD generated'
*resp* '250 CWD command successful'
Uploading images/articles/generated/holiday-tech-gift-guide-2025-fallback-0.svg...
*cmd* 'TYPE I'
*resp* '200 Type set to I'
*cmd* 'PASV'
*resp* '227 Entering Passive Mode (89,116,53,41,8,107).'
*cmd* 'STOR holiday-tech-gift-guide-2025-fallback-0.svg'
*resp* '150 Opening BINARY mode data connection for holiday-tech-gift-guide-2025-fallback-0.svg'
*resp* '226 Transfer complete'
*cmd* 'CWD /'
*resp* '250 CWD command successful'
*cmd* 'CWD images'
*resp* '250 CWD command successful'
*cmd* 'CWD articles'
*resp* '250 CWD command successful'
*cmd* 'CWD generated'
*resp* '250 CWD command successful'
Uploading images/articles/generated/top-5-powerbanks-2025-fallback-0.svg...
*cmd* 'TYPE I'
*resp* '200 Type set to I'
*cmd* 'PASV'
*resp* '227 Entering Passive Mode (89,116,53,41,8,222).'
*cmd* 'STOR top-5-powerbanks-2025-fallback-0.svg'
*resp* '150 Opening BINARY mode data connection for top-5-powerbanks-2025-fallback-0.svg'
*resp* '226 Transfer complete'
*cmd* 'CWD /'
*resp* '250 CWD command successful'
*cmd* 'CWD images'
*resp* '250 CWD command successful'
*cmd* 'CWD articles'
*resp* '250 CWD command successful'
*cmd* 'CWD generated'
*resp* '250 CWD command successful'
Uploading images/articles/generated/top-5-powerbanks-2025-fallback-1.svg...
*cmd* 'TYPE I'
*resp* '200 Type set to I'
*cmd* 'PASV'
*resp* '227 Entering Passive Mode (89,116,53,41,8,103).'
*cmd* 'STOR top-5-powerbanks-2025-fallback-1.svg'
*resp* '150 Opening BINARY mode data connection for top-5-powerbanks-2025-fallback-1.svg'
*resp* '226 Transfer complete'
*cmd* 'CWD /'
*resp* '250 CWD command successful'
*cmd* 'CWD images'
*resp* '250 CWD command successful'
*cmd* 'CWD articles'
*resp* '250 CWD command successful'
*cmd* 'CWD generated'
*resp* '250 CWD command successful'
Uploading images/articles/generated/best-sports-smartwatches-2025-fallback-2.svg...
*cmd* 'TYPE I'
*resp* '200 Type set to I'
*cmd* 'PASV'
*resp* '227 Entering Passive Mode (89,116,53,41,8,66).'
*cmd* 'STOR best-sports-smartwatches-2025-fallback-2.svg'
*resp* '150 Opening BINARY mode data connection for best-sports-smartwatches-2025-fallback-2.svg'
*resp* '226 Transfer complete'
*cmd* 'CWD /'
*resp* '250 CWD command successful'
*cmd* 'CWD images'
*resp* '250 CWD command successful'
*cmd* 'CWD articles'
*resp* '250 CWD command successful'
*cmd* 'CWD generated'
*resp* '250 CWD command successful'
Uploading images/articles/generated/5-gen-1.svg...
*cmd* 'TYPE I'
*resp* '200 Type set to I'
*cmd* 'PASV'
*resp* '227 Entering Passive Mode (89,116,53,41,8,249).'
*cmd* 'STOR 5-gen-1.svg'
*resp* '150 Opening BINARY mode data connection for 5-gen-1.svg'
*resp* '226 Transfer complete'
*cmd* 'CWD /'
*resp* '250 CWD command successful'
*cmd* 'CWD images'
*resp* '250 CWD command successful'
*cmd* 'CWD articles'
*resp* '250 CWD command successful'
*cmd* 'CWD generated'
*resp* '250 CWD command successful'
Uploading images/articles/generated/best-sports-smartwatches-2025-fallback-1.svg...
*cmd* 'TYPE I'
*resp* '200 Type set to I'
*cmd* 'PASV'
*resp* '227 Entering Passive Mode (89,116,53,41,8,138).'
*cmd* 'STOR best-sports-smartwatches-2025-fallback-1.svg'
*resp* '150 Opening BINARY mode data connection for best-sports-smartwatches-2025-fallback-1.svg'
*resp* '226 Transfer complete'
*cmd* 'CWD /'
*resp* '250 CWD command successful'
*cmd* 'CWD images'
*resp* '250 CWD command successful'
*cmd* 'CWD articles'
*resp* '250 CWD command successful'
*cmd* 'CWD generated'
*resp* '250 CWD command successful'
Uploading images/articles/generated/5-gen-2.svg...
*cmd* 'TYPE I'
*resp* '200 Type set to I'
*cmd* 'PASV'
*resp* '227 Entering Passive Mode (89,116,53,41,8,163).'
*cmd* 'STOR 5-gen-2.svg'
*resp* '150 Opening BINARY mode data connection for 5-gen-2.svg'
*resp* '226 Transfer complete'
*cmd* 'CWD /'
*resp* '250 CWD command successful'
*cmd* 'CWD images'
*resp* '250 CWD command successful'
*cmd* 'CWD articles'
*resp* '250 CWD command successful'
*cmd* 'CWD generated'
*resp* '250 CWD command successful'
Uploading images/articles/generated/best-smartphones-mobile-photography-2025-fallback-2.svg...
*cmd* 'TYPE I'
*resp* '200 Type set to I'
*cmd* 'PASV'
*resp* '227 Entering Passive Mode (89,116,53,41,8,94).'
*cmd* 'STOR best-smartphones-mobile-photography-2025-fallback-2.svg'
*resp* '150 Opening BINARY mode data connection for best-smartphones-mobile-photography-2025-fallback-2.svg'
*resp* '226 Transfer complete'
*cmd* 'CWD /'
*resp* '250 CWD command successful'
*cmd* 'CWD images'
*resp* '250 CWD command successful'
*cmd* 'CWD articles'
*resp* '250 CWD command successful'
*cmd* 'CWD generated'
*resp* '250 CWD command successful'
Uploading images/articles/generated/best-sports-smartwatches-2025-fallback-0.svg...
*cmd* 'TYPE I'
*resp* '200 Type set to I'
*cmd* 'PASV'
*resp* '227 Entering Passive Mode (89,116,53,41,9,4).'
*cmd* 'STOR best-sports-smartwatches-2025-fallback-0.svg'
*resp* '150 Opening BINARY mode data connection for best-sports-smartwatches-2025-fallback-0.svg'
*resp* '226 Transfer complete'
*cmd* 'CWD /'
*resp* '250 CWD command successful'
*cmd* 'CWD images'
*resp* '250 CWD command successful'
*cmd* 'CWD articles'
*resp* '250 CWD command successful'
*cmd* 'CWD generated'
*resp* '250 CWD command successful'
Uploading images/articles/generated/holiday-tech-gift-guide-2025-gen-2.svg...
*cmd* 'TYPE I'
*resp* '200 Type set to I'
*cmd* 'PASV'
*resp* '227 Entering Passive Mode (89,116,53,41,9,28).'
*cmd* 'STOR holiday-tech-gift-guide-2025-gen-2.svg'
*resp* '150 Opening BINARY mode data connection for holiday-tech-gift-guide-2025-gen-2.svg'
*resp* '226 Transfer complete'
*cmd* 'CWD /'
*resp* '250 CWD command successful'
*cmd* 'CWD images'
*resp* '250 CWD command successful'
*cmd* 'CWD articles'
*resp* '250 CWD command successful'
*cmd* 'CWD generated'
*resp* '250 CWD command successful'
Uploading images/articles/generated/holiday-tech-gift-guide-2025-gen-1.svg...
*cmd* 'TYPE I'
*resp* '200 Type set to I'
*cmd* 'PASV'
*resp* '227 Entering Passive Mode (89,116,53,41,8,96).'
*cmd* 'STOR holiday-tech-gift-guide-2025-gen-1.svg'
*resp* '150 Opening BINARY mode data connection for holiday-tech-gift-guide-2025-gen-1.svg'
*resp* '226 Transfer complete'
*cmd* 'CWD /'
*resp* '250 CWD command successful'
*cmd* 'CWD images'
*resp* '250 CWD command successful'
*cmd* 'CWD articles'
*resp* '250 CWD command successful'
*cmd* 'CWD generated'
*resp* '250 CWD command successful'
Uploading images/articles/generated/2-gen-1.svg...
*cmd* 'TYPE I'
*resp* '200 Type set to I'
*cmd* 'PASV'
*resp* '227 Entering Passive Mode (89,116,53,41,8,85).'
*cmd* 'STOR 2-gen-1.svg'
*resp* '150 Opening BINARY mode data connection for 2-gen-1.svg'
*resp* '226 Transfer complete'
*cmd* 'CWD /'
*resp* '250 CWD command successful'
*cmd* 'CWD images'
*resp* '250 CWD command successful'
*cmd* 'CWD articles'
*resp* '250 CWD command successful'
*cmd* 'CWD generated'
*resp* '250 CWD command successful'
Uploading images/articles/generated/2-gen-2.svg...
*cmd* 'TYPE I'
*resp* '200 Type set to I'
*cmd* 'PASV'
*resp* '227 Entering Passive Mode (89,116,53,41,9,4).'
*cmd* 'STOR 2-gen-2.svg'
*resp* '150 Opening BINARY mode data connection for 2-gen-2.svg'
*resp* '226 Transfer complete'
*cmd* 'CWD /'
*resp* '250 CWD command successful'
*cmd* 'CWD images'
*resp* '250 CWD command successful'
*cmd* 'CWD articles'
*resp* '250 CWD command successful'
*cmd* 'CWD generated'
*resp* '250 CWD command successful'
Uploading images/articles/generated/3-fallback-2.svg...
*cmd* 'TYPE I'
*resp* '200 Type set to I'
*cmd* 'PASV'
*resp* '227 Entering Passive Mode (89,116,53,41,9,68).'
*cmd* 'STOR 3-fallback-2.svg'
*resp* '150 Opening BINARY mode data connection for 3-fallback-2.svg'
*resp* '226 Transfer complete'
*cmd* 'CWD /'
*resp* '250 CWD command successful'
*cmd* 'CWD images'
*resp* '250 CWD command successful'
*cmd* 'CWD articles'
*resp* '250 CWD command successful'
*cmd* 'CWD downloads'
*resp* '250 CWD command successful'
*cmd* 'CWD /'
*resp* '250 CWD command successful'
*cmd* 'CWD images'
*resp* '250 CWD command successful'
*cmd* 'CWD articles'
*resp* '250 CWD command successful'
*cmd* 'CWD downloads'
*resp* '250 CWD command successful'
Uploading images/articles/downloads/test-topic-2025-2-1c4effd1.jpg...
*cmd* 'TYPE I'
*resp* '200 Type set to I'
*cmd* 'PASV'
*resp* '227 Entering Passive Mode (89,116,53,41,8,239).'
*cmd* 'STOR test-topic-2025-2-1c4effd1.jpg'
*resp* '150 Opening BINARY mode data connection for test-topic-2025-2-1c4effd1.jpg'
*resp* '226 Transfer complete'
*cmd* 'CWD /'
*resp* '250 CWD command successful'
*cmd* 'CWD images'
*resp* '250 CWD command successful'
*cmd* 'CWD articles'
*resp* '250 CWD command successful'
*cmd* 'CWD downloads'
*resp* '250 CWD command successful'
Uploading images/articles/downloads/best-smartphones-mobile-photography-2025-0-98e6b046.jpg...
*cmd* 'TYPE I'
*resp* '200 Type set to I'
*cmd* 'PASV'
*resp* '227 Entering Passive Mode (89,116,53,41,9,81).'
*cmd* 'STOR best-smartphones-mobile-photography-2025-0-98e6b046.jpg'
*resp* '150 Opening BINARY mode data connection for best-smartphones-mobile-photography-2025-0-98e6b046.jpg'
*resp* '226 Transfer complete'
*cmd* 'CWD /'
*resp* '250 CWD command successful'
*cmd* 'CWD images'
*resp* '250 CWD command successful'
*cmd* 'CWD articles'
*resp* '250 CWD command successful'
*cmd* 'CWD downloads'
*resp* '250 CWD command successful'
Uploading images/articles/downloads/test-topic-2025-1-9b9af3e8.jpg...
*cmd* 'TYPE I'
*resp* '200 Type set to I'
*cmd* 'PASV'
*resp* '227 Entering Passive Mode (89,116,53,41,8,69).'
*cmd* 'STOR test-topic-2025-1-9b9af3e8.jpg'
*resp* '150 Opening BINARY mode data connection for test-topic-2025-1-9b9af3e8.jpg'
*resp* '226 Transfer complete'
*cmd* 'CWD /'
*resp* '250 CWD command successful'
*cmd* 'CWD images'
*resp* '250 CWD command successful'
*cmd* 'CWD articles'
*resp* '250 CWD command successful'
*cmd* 'CWD downloads'
*resp* '250 CWD command successful'
Uploading images/articles/downloads/top-5-powerbanks-2025-2-13f5a6b1.jpg...
*cmd* 'TYPE I'
*resp* '200 Type set to I'
*cmd* 'PASV'
*resp* '227 Entering Passive Mode (89,116,53,41,8,131).'
*cmd* 'STOR top-5-powerbanks-2025-2-13f5a6b1.jpg'
*resp* '150 Opening BINARY mode data connection for top-5-powerbanks-2025-2-13f5a6b1.jpg'
*resp* '226 Transfer complete'
*cmd* 'CWD /'
*resp* '250 CWD command successful'
*cmd* 'CWD images'
*resp* '250 CWD command successful'
*cmd* 'CWD articles'
*resp* '250 CWD command successful'
*cmd* 'CWD downloads'
*resp* '250 CWD command successful'
Uploading images/articles/downloads/article9-0-d90b934b.jpg...
*cmd* 'TYPE I'
*resp* '200 Type set to I'
*cmd* 'PASV'
*resp* '227 Entering Passive Mode (89,116,53,41,9,31).'
*cmd* 'STOR article9-0-d90b934b.jpg'
*resp* '150 Opening BINARY mode data connection for article9-0-d90b934b.jpg'
*resp* '226 Transfer complete'
*cmd* 'CWD /'
*resp* '250 CWD command successful'
*cmd* 'CWD images'
*resp* '250 CWD command successful'
*cmd* 'CWD articles'
*resp* '250 CWD command successful'
*cmd* 'CWD downloads'
*resp* '250 CWD command successful'
Uploading images/articles/downloads/top-time-management-apps-for-freelancers-2025-1-bf4567a2.jpg...
*cmd* 'TYPE I'
*resp* '200 Type set to I'
*cmd* 'PASV'
*resp* '227 Entering Passive Mode (89,116,53,41,9,33).'
*cmd* 'STOR top-time-management-apps-for-freelancers-2025-1-bf4567a2.jpg'
*resp* '150 Opening BINARY mode data connection for top-time-management-apps-for-freelancers-2025-1-bf4567a2.jpg'
*resp* '226 Transfer complete'
*cmd* 'CWD /'
*resp* '250 CWD command successful'
*cmd* 'CWD images'
*resp* '250 CWD command successful'
*cmd* 'CWD articles'
*resp* '250 CWD command successful'
*cmd* 'CWD downloads'
*resp* '250 CWD command successful'
Uploading images/articles/downloads/top-time-management-apps-for-freelancers-2025-2-027c3249.jpg...
*cmd* 'TYPE I'
*resp* '200 Type set to I'
*cmd* 'PASV'
*resp* '227 Entering Passive Mode (89,116,53,41,8,152).'
*cmd* 'STOR top-time-management-apps-for-freelancers-2025-2-027c3249.jpg'
*resp* '150 Opening BINARY mode data connection for top-time-management-apps-for-freelancers-2025-2-027c3249.jpg'
*resp* '226 Transfer complete'
*cmd* 'CWD /'
*resp* '250 CWD command successful'
*cmd* 'CWD images'
*resp* '250 CWD command successful'
*cmd* 'CWD articles'
*resp* '250 CWD command successful'
*cmd* 'CWD downloads'
*resp* '250 CWD command successful'
Uploading images/articles/downloads/best-smartphones-mobile-photography-2025-1-14c7f6c6.jpg...
*cmd* 'TYPE I'
*resp* '200 Type set to I'
*cmd* 'PASV'
*resp* '227 Entering Passive Mode (89,116,53,41,8,158).'
*cmd* 'STOR best-smartphones-mobile-photography-2025-1-14c7f6c6.jpg'
*resp* '150 Opening BINARY mode data connection for best-smartphones-mobile-photography-2025-1-14c7f6c6.jpg'
*resp* '226 Transfer complete'
*cmd* 'CWD /'
*resp* '250 CWD command successful'
*cmd* 'CWD images'
*resp* '250 CWD command successful'
*cmd* 'CWD articles'
*resp* '250 CWD command successful'
*cmd* 'CWD downloads'
*resp* '250 CWD command successful'
Uploading images/articles/downloads/test-topic-2025-0-8222eb70.jpg...
*cmd* 'TYPE I'
*resp* '200 Type set to I'
*cmd* 'PASV'
*resp* '227 Entering Passive Mode (89,116,53,41,8,163).'
*cmd* 'STOR test-topic-2025-0-8222eb70.jpg'
*resp* '150 Opening BINARY mode data connection for test-topic-2025-0-8222eb70.jpg'
*resp* '226 Transfer complete'
*cmd* 'CWD /'
*resp* '250 CWD command successful'
*cmd* 'CWD images'
*resp* '250 CWD command successful'
*cmd* 'CWD articles'
*resp* '250 CWD command successful'
*cmd* 'CWD downloads'
*resp* '250 CWD command successful'
Uploading images/articles/downloads/article9-1-21ed3ecd.jpg...
*cmd* 'TYPE I'
*resp* '200 Type set to I'
*cmd* 'PASV'
*resp* '227 Entering Passive Mode (89,116,53,41,8,180).'
*cmd* 'STOR article9-1-21ed3ecd.jpg'
*resp* '150 Opening BINARY mode data connection for article9-1-21ed3ecd.jpg'
*resp* '226 Transfer complete'
*cmd* 'CWD /'
*resp* '250 CWD command successful'
*cmd* 'CWD js'
*resp* '250 CWD command successful'
*cmd* 'CWD /'
*resp* '250 CWD command successful'
*cmd* 'CWD js'
*resp* '250 CWD command successful'
Uploading js/articles-data.js...
*cmd* 'TYPE I'
*resp* '200 Type set to I'
*cmd* 'PASV'
*resp* '227 Entering Passive Mode (89,116,53,41,8,115).'
*cmd* 'STOR articles-data.js'
*resp* '150 Opening BINARY mode data connection for articles-data.js'
*resp* '226 Transfer complete'
*cmd* 'CWD /'
*resp* '250 CWD command successful'
*cmd* 'CWD js'
*resp* '250 CWD command successful'
Uploading js/main.js...
*cmd* 'TYPE I'
*resp* '200 Type set to I'
*cmd* 'PASV'
*resp* '227 Entering Passive Mode (89,116,53,41,8,184).'
*cmd* 'STOR main.js'
*resp* '150 Opening BINARY mode data connection for main.js'
*resp* '226 Transfer complete'
*cmd* 'CWD /'
*resp* '250 CWD command successful'
*cmd* 'CWD js'
*resp* '250 CWD command successful'
Uploading js/analytics.js...
*cmd* 'TYPE I'
*resp* '200 Type set to I'
*cmd* 'PASV'
*resp* '227 Entering Passive Mode (89,116,53,41,8,201).'
*cmd* 'STOR analytics.js'
*resp* '150 Opening BINARY mode data connection for analytics.js'
*resp* '226 Transfer complete'
*cmd* 'CWD /'
*resp* '250 CWD command successful'
*cmd* 'CWD articles'
*resp* '250 CWD command successful'
*cmd* 'CWD /'
*resp* '250 CWD command successful'
*cmd* 'CWD articles'
*resp* '250 CWD command successful'
Uploading articles/article3.json...
*cmd* 'TYPE I'
*resp* '200 Type set to I'
*cmd* 'PASV'
*resp* '227 Entering Passive Mode (89,116,53,41,8,179).'
*cmd* 'STOR article3.json'
*resp* '150 Opening BINARY mode data connection for article3.json'
*resp* '226 Transfer complete'
*cmd* 'CWD /'
*resp* '250 CWD command successful'
*cmd* 'CWD articles'
*resp* '250 CWD command successful'
Uploading articles/smart-home-innovative-gadgets-2025.json...
*cmd* 'TYPE I'
*resp* '200 Type set to I'
*cmd* 'PASV'
*resp* '227 Entering Passive Mode (89,116,53,41,8,82).'
*cmd* 'STOR smart-home-innovative-gadgets-2025.json'
*resp* '150 Opening BINARY mode data connection for smart-home-innovative-gadgets-2025.json'
*resp* '226 Transfer complete'
*cmd* 'CWD /'
*resp* '250 CWD command successful'
*cmd* 'CWD articles'
*resp* '250 CWD command successful'
Uploading articles/add_schema.py...
*cmd* 'TYPE I'
*resp* '200 Type set to I'
*cmd* 'PASV'
*resp* '227 Entering Passive Mode (89,116,53,41,8,126).'
*cmd* 'STOR add_schema.py'
*resp* '150 Opening BINARY mode data connection for add_schema.py'
*resp* '226 Transfer complete'
*cmd* 'CWD /'
*resp* '250 CWD command successful'
*cmd* 'CWD articles'
*resp* '250 CWD command successful'
Uploading articles/best-4k-monitors-2025.json...
*cmd* 'TYPE I'
*resp* '200 Type set to I'
*cmd* 'PASV'
*resp* '227 Entering Passive Mode (89,116,53,41,8,203).'
*cmd* 'STOR best-4k-monitors-2025.json'
*resp* '150 Opening BINARY mode data connection for best-4k-monitors-2025.json'
*resp* '226 Transfer complete'
*cmd* 'CWD /'
*resp* '250 CWD command successful'
*cmd* 'CWD articles'
*resp* '250 CWD command successful'
Uploading articles/add_schema_script.py...
*cmd* 'TYPE I'
*resp* '200 Type set to I'
*cmd* 'PASV'
*resp* '227 Entering Passive Mode (89,116,53,41,8,137).'
*cmd* 'STOR add_schema_script.py'
*resp* '150 Opening BINARY mode data connection for add_schema_script.py'
*resp* '226 Transfer complete'
*cmd* 'CWD /'
*resp* '250 CWD command successful'
*cmd* 'CWD articles'
*resp* '250 CWD command successful'
Uploading articles/affiliate_links.json...
*cmd* 'TYPE I'
*resp* '200 Type set to I'
*cmd* 'PASV'
*resp* '227 Entering Passive Mode (89,116,53,41,9,41).'
*cmd* 'STOR affiliate_links.json'
*resp* '150 Opening BINARY mode data connection for affiliate_links.json'
*resp* '226 Transfer complete'
*cmd* 'CWD /'
*resp* '250 CWD command successful'
*cmd* 'CWD articles'
*resp* '250 CWD command successful'
Uploading articles/best-mechanical-keyboards-2025.json...
*cmd* 'TYPE I'
*resp* '200 Type set to I'
*cmd* 'PASV'
*resp* '227 Entering Passive Mode (89,116,53,41,8,255).'
*cmd* 'STOR best-mechanical-keyboards-2025.json'
*resp* '150 Opening BINARY mode data connection for best-mechanical-keyboards-2025.json'
*resp* '226 Transfer complete'
*cmd* 'CWD /'
*resp* '250 CWD command successful'
*cmd* 'CWD articles'
*resp* '250 CWD command successful'
Uploading articles/add_schema_comparisons.py...
*cmd* 'TYPE I'
*resp* '200 Type set to I'
*cmd* 'PASV'
*resp* '227 Entering Passive Mode (89,116,53,41,8,152).'
*cmd* 'STOR add_schema_comparisons.py'
*resp* '150 Opening BINARY mode data connection for add_schema_comparisons.py'
*resp* '226 Transfer complete'
*cmd* 'CWD /'
*resp* '250 CWD command successful'
*cmd* 'CWD articles'
*resp* '250 CWD command successful'
Uploading articles/20250818_Smartwatche_sportowe.html...
*cmd* 'TYPE I'
*resp* '200 Type set to I'
*cmd* 'PASV'
*resp* '227 Entering Passive Mode (89,116,53,41,8,195).'
*cmd* 'STOR 20250818_Smartwatche_sportowe.html'
*resp* '150 Opening BINARY mode data connection for 20250818_Smartwatche_sportowe.html'
*resp* '226 Transfer complete'
*cmd* 'CWD /'
*resp* '250 CWD command successful'
*cmd* 'CWD articles'
*resp* '250 CWD command successful'
Uploading articles/7.json...
*cmd* 'TYPE I'
*resp* '200 Type set to I'
*cmd* 'PASV'
*resp* '227 Entering Passive Mode (89,116,53,41,9,86).'
*cmd* 'STOR 7.json'
*resp* '150 Opening BINARY mode data connection for 7.json'
*resp* '226 Transfer complete'
*cmd* 'CWD /'
*resp* '250 CWD command successful'
*cmd* 'CWD articles'
*resp* '250 CWD command successful'
Uploading articles/best-rtx-5090-gaming-laptops-2026.json...
*cmd* 'TYPE I'
*resp* '200 Type set to I'
*cmd* 'PASV'
*resp* '227 Entering Passive Mode (89,116,53,41,9,7).'
*cmd* 'STOR best-rtx-5090-gaming-laptops-2026.json'
*resp* '150 Opening BINARY mode data connection for best-rtx-5090-gaming-laptops-2026.json'
*resp* '226 Transfer complete'
*cmd* 'CWD /'
*resp* '250 CWD command successful'
*cmd* 'CWD articles'
*resp* '250 CWD command successful'
Uploading articles/top-5-powerbanks-2025.json...
*cmd* 'TYPE I'
*resp* '200 Type set to I'
*cmd* 'PASV'
*resp* '227 Entering Passive Mode (89,116,53,41,8,237).'
*cmd* 'STOR top-5-powerbanks-2025.json'
*resp* '150 Opening BINARY mode data connection for top-5-powerbanks-2025.json'
*resp* '226 Transfer complete'
*cmd* 'CWD /'
*resp* '250 CWD command successful'
*cmd* 'CWD articles'
*resp* '250 CWD command successful'
Uploading articles/article9.json...
*cmd* 'TYPE I'
*resp* '200 Type set to I'
*cmd* 'PASV'
*resp* '227 Entering Passive Mode (89,116,53,41,8,250).'
*cmd* 'STOR article9.json'
*resp* '150 Opening BINARY mode data connection for article9.json'
*resp* '226 Transfer complete'
*cmd* 'CWD /'
*resp* '250 CWD command successful'
*cmd* 'CWD articles'
*resp* '250 CWD command successful'
Uploading articles/test-topic-2025.json...
*cmd* 'TYPE I'
*resp* '200 Type set to I'
*cmd* 'PASV'
*resp* '227 Entering Passive Mode (89,116,53,41,8,195).'
*cmd* 'STOR test-topic-2025.json'
*resp* '150 Opening BINARY mode data connection for test-topic-2025.json'
*resp* '226 Transfer complete'
*cmd* 'CWD /'
*resp* '250 CWD command successful'
*cmd* 'CWD articles'
*resp* '250 CWD command successful'
Uploading articles/best-laptops-2025.json...
*cmd* 'TYPE I'
*resp* '200 Type set to I'
*cmd* 'PASV'
*resp* '227 Entering Passive Mode (89,116,53,41,9,26).'
*cmd* 'STOR best-laptops-2025.json'
*resp* '150 Opening BINARY mode data connection for best-laptops-2025.json'
*resp* '226 Transfer complete'
*cmd* 'CWD /'
*resp* '250 CWD command successful'
*cmd* 'CWD articles'
*resp* '250 CWD command successful'
Uploading articles/best-sports-smartwatches-2025.json...
*cmd* 'TYPE I'
*resp* '200 Type set to I'
*cmd* 'PASV'
*resp* '227 Entering Passive Mode (89,116,53,41,9,28).'
*cmd* 'STOR best-sports-smartwatches-2025.json'
*resp* '150 Opening BINARY mode data connection for best-sports-smartwatches-2025.json'
*resp* '226 Transfer complete'
*cmd* 'CWD /'
*resp* '250 CWD command successful'
*cmd* 'CWD articles'
*resp* '250 CWD command successful'
Uploading articles/best-smart-home-devices-2025.json...
*cmd* 'TYPE I'
*resp* '200 Type set to I'
*cmd* 'PASV'
*resp* '227 Entering Passive Mode (89,116,53,41,8,104).'
*cmd* 'STOR best-smart-home-devices-2025.json'
*resp* '150 Opening BINARY mode data connection for best-smart-home-devices-2025.json'
*resp* '226 Transfer complete'
*cmd* 'CWD /'
*resp* '250 CWD command successful'
*cmd* 'CWD articles'
*resp* '250 CWD command successful'
Uploading articles/best-portable-monitors-2025.json...
*cmd* 'TYPE I'
*resp* '200 Type set to I'
*cmd* 'PASV'
*resp* '227 Entering Passive Mode (89,116,53,41,8,254).'
*cmd* 'STOR best-portable-monitors-2025.json'
*resp* '150 Opening BINARY mode data connection for best-portable-monitors-2025.json'
*resp* '226 Transfer complete'
*cmd* 'CWD /'
*resp* '250 CWD command successful'
*cmd* 'CWD articles'
*resp* '250 CWD command successful'
Uploading articles/schema_templates.json...
*cmd* 'TYPE I'
*resp* '200 Type set to I'
*cmd* 'PASV'
*resp* '227 Entering Passive Mode (89,116,53,41,8,172).'
*cmd* 'STOR schema_templates.json'
*resp* '150 Opening BINARY mode data connection for schema_templates.json'
*resp* '226 Transfer complete'
*cmd* 'CWD /'
*resp* '250 CWD command successful'
*cmd* 'CWD articles'
*resp* '250 CWD command successful'
Uploading articles/20250819-test-topic.html...
*cmd* 'TYPE I'
*resp* '200 Type set to I'
*cmd* 'PASV'
*resp* '227 Entering Passive Mode (89,116,53,41,8,90).'
*cmd* 'STOR 20250819-test-topic.html'
*resp* '150 Opening BINARY mode data connection for 20250819-test-topic.html'
*resp* '226 Transfer complete'
*cmd* 'CWD /'
*resp* '250 CWD command successful'
*cmd* 'CWD articles'
*resp* '250 CWD command successful'
Uploading articles/article4.json...
*cmd* 'TYPE I'
*resp* '200 Type set to I'
*cmd* 'PASV'
*resp* '227 Entering Passive Mode (89,116,53,41,9,16).'
*cmd* 'STOR article4.json'
*resp* '150 Opening BINARY mode data connection for article4.json'
*resp* '226 Transfer complete'
*cmd* 'CWD /'
*resp* '250 CWD command successful'
*cmd* 'CWD articles'
*resp* '250 CWD command successful'
Uploading articles/best-eco-friendly-products-amazon-2025.json...
*cmd* 'TYPE I'
*resp* '200 Type set to I'
*cmd* 'PASV'
*resp* '227 Entering Passive Mode (89,116,53,41,8,251).'
*cmd* 'STOR best-eco-friendly-products-amazon-2025.json'
*resp* '150 Opening BINARY mode data connection for best-eco-friendly-products-amazon-2025.json'
*resp* '226 Transfer complete'
*cmd* 'CWD /'
*resp* '250 CWD command successful'
*cmd* 'CWD articles'
*resp* '250 CWD command successful'
Uploading articles/add_schema_all_reviews.py...
*cmd* 'TYPE I'
*resp* '200 Type set to I'
*cmd* 'PASV'
*resp* '227 Entering Passive Mode (89,116,53,41,9,69).'
*cmd* 'STOR add_schema_all_reviews.py'
*resp* '150 Opening BINARY mode data connection for add_schema_all_reviews.py'
*resp* '226 Transfer complete'
*cmd* 'CWD /'
*resp* '250 CWD command successful'
*cmd* 'CWD articles'
*resp* '250 CWD command successful'
Uploading articles/20250819---innowacyjne-gadżety-do-inteligentnego-domu-które-musisz-mieć.html...
*cmd* 'TYPE I'
*resp* '200 Type set to I'
*cmd* 'PASV'
*resp* '227 Entering Passive Mode (89,116,53,41,8,210).'
*cmd* 'STOR 20250819---innowacyjne-gadżety-do-inteligentnego-domu-które-musisz-mieć.html'
*resp* '150 Opening BINARY mode data connection for 20250819---innowacyjne-gadżety-do-inteligentnego-domu-które-musisz-mieć.html'
*resp* '226 Transfer complete'
*cmd* 'CWD /'
*resp* '250 CWD command successful'
*cmd* 'CWD articles'
*resp* '250 CWD command successful'
Uploading articles/merge_schema.py...
*cmd* 'TYPE I'
*resp* '200 Type set to I'
*cmd* 'PASV'
*resp* '227 Entering Passive Mode (89,116,53,41,8,52).'
*cmd* 'STOR merge_schema.py'
*resp* '150 Opening BINARY mode data connection for merge_schema.py'
*resp* '226 Transfer complete'
*cmd* 'CWD /'
*resp* '250 CWD command successful'
*cmd* 'CWD articles'
*resp* '250 CWD command successful'
Uploading articles/article8.json...
*cmd* 'TYPE I'
*resp* '200 Type set to I'
*cmd* 'PASV'
*resp* '227 Entering Passive Mode (89,116,53,41,8,132).'
*cmd* 'STOR article8.json'
*resp* '150 Opening BINARY mode data connection for article8.json'
*resp* '226 Transfer complete'
*cmd* 'CWD /'
*resp* '250 CWD command successful'
*cmd* 'CWD articles'
*resp* '250 CWD command successful'
Uploading articles/iphone-16-pro-max-review.json...
*cmd* 'TYPE I'
*resp* '200 Type set to I'
*cmd* 'PASV'
*resp* '227 Entering Passive Mode (89,116,53,41,9,65).'
*cmd* 'STOR iphone-16-pro-max-review.json'
*resp* '150 Opening BINARY mode data connection for iphone-16-pro-max-review.json'
*resp* '226 Transfer complete'
*cmd* 'CWD /'
*resp* '250 CWD command successful'
*cmd* 'CWD articles'
*resp* '250 CWD command successful'
Uploading articles/2.json...
*cmd* 'TYPE I'
*resp* '200 Type set to I'
*cmd* 'PASV'
*resp* '227 Entering Passive Mode (89,116,53,41,8,180).'
*cmd* 'STOR 2.json'
*resp* '150 Opening BINARY mode data connection for 2.json'
*resp* '226 Transfer complete'
*cmd* 'CWD /'
*resp* '250 CWD command successful'
*cmd* 'CWD articles'
*resp* '250 CWD command successful'
Uploading articles/best-gaming-headsets-2025.json...
*cmd* 'TYPE I'
*resp* '200 Type set to I'
*cmd* 'PASV'
*resp* '227 Entering Passive Mode (89,116,53,41,8,196).'
*cmd* 'STOR best-gaming-headsets-2025.json'
*resp* '150 Opening BINARY mode data connection for best-gaming-headsets-2025.json'
*resp* '226 Transfer complete'
*cmd* 'CWD /'
*resp* '250 CWD command successful'
*cmd* 'CWD articles'
*resp* '250 CWD command successful'
Uploading articles/sony-wh-1000xm5-review.json...
*cmd* 'TYPE I'
*resp* '200 Type set to I'
*cmd* 'PASV'
*resp* '227 Entering Passive Mode (89,116,53,41,8,153).'
*cmd* 'STOR sony-wh-1000xm5-review.json'
*resp* '150 Opening BINARY mode data connection for sony-wh-1000xm5-review.json'
*resp* '226 Transfer complete'
*cmd* 'CWD /'
*resp* '250 CWD command successful'
*cmd* 'CWD articles'
*resp* '250 CWD command successful'
Uploading articles/2025-08-18-top-5-powerbankow.html...
*cmd* 'TYPE I'
*resp* '200 Type set to I'
*cmd* 'PASV'
*resp* '227 Entering Passive Mode (89,116,53,41,9,74).'
*cmd* 'STOR 2025-08-18-top-5-powerbankow.html'
*resp* '150 Opening BINARY mode data connection for 2025-08-18-top-5-powerbankow.html'
*resp* '226 Transfer complete'
*cmd* 'CWD /'
*resp* '250 CWD command successful'
*cmd* 'CWD articles'
*resp* '250 CWD command successful'
Uploading articles/summer-2025-laptop-buying-guide.json...
*cmd* 'TYPE I'
*resp* '200 Type set to I'
*cmd* 'PASV'
*resp* '227 Entering Passive Mode (89,116,53,41,9,67).'
*cmd* 'STOR summer-2025-laptop-buying-guide.json'
*resp* '150 Opening BINARY mode data connection for summer-2025-laptop-buying-guide.json'
*resp* '226 Transfer complete'
*cmd* 'CWD /'
*resp* '250 CWD command successful'
*cmd* 'CWD articles'
*resp* '250 CWD command successful'
Uploading articles/best-tech-gadgets-amazon-2025.json...
*cmd* 'TYPE I'
*resp* '200 Type set to I'
*cmd* 'PASV'
*resp* '227 Entering Passive Mode (89,116,53,41,8,184).'
*cmd* 'STOR best-tech-gadgets-amazon-2025.json'
*resp* '150 Opening BINARY mode data connection for best-tech-gadgets-amazon-2025.json'
*resp* '226 Transfer complete'
*cmd* 'CWD /'
*resp* '250 CWD command successful'
*cmd* 'CWD articles'
*resp* '250 CWD command successful'
Uploading articles/iphone-17-vs-samsung-s25.json...
*cmd* 'TYPE I'
*resp* '200 Type set to I'
*cmd* 'PASV'
*resp* '227 Entering Passive Mode (89,116,53,41,8,105).'
*cmd* 'STOR iphone-17-vs-samsung-s25.json'
*resp* '150 Opening BINARY mode data connection for iphone-17-vs-samsung-s25.json'
*resp* '226 Transfer complete'
*cmd* 'CWD /'
*resp* '250 CWD command successful'
*cmd* 'CWD articles'
*resp* '250 CWD command successful'
Uploading articles/best-budget-tech-gadgets-2024.json...
*cmd* 'TYPE I'
*resp* '200 Type set to I'
*cmd* 'PASV'
*resp* '227 Entering Passive Mode (89,116,53,41,8,175).'
*cmd* 'STOR best-budget-tech-gadgets-2024.json'
*resp* '150 Opening BINARY mode data connection for best-budget-tech-gadgets-2024.json'
*resp* '226 Transfer complete'
*cmd* 'CWD /'
*resp* '250 CWD command successful'
*cmd* 'CWD articles'
*resp* '250 CWD command successful'
Uploading articles/dji-mini-4-pro-review.json...
*cmd* 'TYPE I'
*resp* '200 Type set to I'
*cmd* 'PASV'
*resp* '227 Entering Passive Mode (89,116,53,41,9,14).'
*cmd* 'STOR dji-mini-4-pro-review.json'
*resp* '150 Opening BINARY mode data connection for dji-mini-4-pro-review.json'
*resp* '226 Transfer complete'
*cmd* 'CWD /'
*resp* '250 CWD command successful'
*cmd* 'CWD articles'
*resp* '250 CWD command successful'
Uploading articles/3.json...
*cmd* 'TYPE I'
*resp* '200 Type set to I'
*cmd* 'PASV'
*resp* '227 Entering Passive Mode (89,116,53,41,9,94).'
*cmd* 'STOR 3.json'
*resp* '150 Opening BINARY mode data connection for 3.json'
*resp* '226 Transfer complete'
*cmd* 'CWD /'
*resp* '250 CWD command successful'
*cmd* 'CWD articles'
*resp* '250 CWD command successful'
Uploading articles/article1.json...
*cmd* 'TYPE I'
*resp* '200 Type set to I'
*cmd* 'PASV'
*resp* '227 Entering Passive Mode (89,116,53,41,8,78).'
*cmd* 'STOR article1.json'
*resp* '150 Opening BINARY mode data connection for article1.json'
*resp* '226 Transfer complete'
*cmd* 'CWD /'
*resp* '250 CWD command successful'
*cmd* 'CWD articles'
*resp* '250 CWD command successful'
Uploading articles/best-smartphones-mobile-photography-2025.json...
*cmd* 'TYPE I'
*resp* '200 Type set to I'
*cmd* 'PASV'
*resp* '227 Entering Passive Mode (89,116,53,41,8,70).'
*cmd* 'STOR best-smartphones-mobile-photography-2025.json'
*resp* '150 Opening BINARY mode data connection for best-smartphones-mobile-photography-2025.json'
*resp* '226 Transfer complete'
*cmd* 'CWD /'
*resp* '250 CWD command successful'
*cmd* 'CWD articles'
*resp* '250 CWD command successful'
Uploading articles/top-time-management-apps-for-freelancers-2025.json...
*cmd* 'TYPE I'
*resp* '200 Type set to I'
*cmd* 'PASV'
*resp* '227 Entering Passive Mode (89,116,53,41,8,193).'
*cmd* 'STOR top-time-management-apps-for-freelancers-2025.json'
*resp* '150 Opening BINARY mode data connection for top-time-management-apps-for-freelancers-2025.json'
*resp* '226 Transfer complete'
*cmd* 'CWD /'
*resp* '250 CWD command successful'
*cmd* 'CWD articles'
*resp* '250 CWD command successful'
Uploading articles/4.json...
*cmd* 'TYPE I'
*resp* '200 Type set to I'
*cmd* 'PASV'
*resp* '227 Entering Passive Mode (89,116,53,41,8,69).'
*cmd* 'STOR 4.json'
*resp* '150 Opening BINARY mode data connection for 4.json'
*resp* '226 Transfer complete'
*cmd* 'CWD /'
*resp* '250 CWD command successful'
*cmd* 'CWD articles'
*resp* '250 CWD command successful'
Uploading articles/20250819---najlepsze-smartfony-do-fotografii-mobilnej-w-2025-roku.html...
*cmd* 'TYPE I'
*resp* '200 Type set to I'
*cmd* 'PASV'
*resp* '227 Entering Passive Mode (89,116,53,41,9,25).'
*cmd* 'STOR 20250819---najlepsze-smartfony-do-fotografii-mobilnej-w-2025-roku.html'
*resp* '150 Opening BINARY mode data connection for 20250819---najlepsze-smartfony-do-fotografii-mobilnej-w-2025-roku.html'
*resp* 
*resp* '226 Transfer complet 'CWD /'
*resp* '250 CWD command successful'
*cmd* 'CWD articles'
*resp* '250 CWD command successful'
Uploading articles/index.json...
*cmd* 'TYPE I'
*resp* '200 Type set to I'
*cmd* 'PASV'
*resp* '227 Entering Passive Mode (89,116,53,41,8,79).'
*cmd* 'STOR index.json'
*resp* '150 Opening BINARY mode data connection for index.json'
*resp* '226 Transfer complete'
*cmd* 'CWD /'
*resp* '250 CWD command successful'
*cmd* 'CWD articles'
*resp* '250 CWD command successful'
Uploading articles/top-10-smart-home-gadgets-amazon-2025.json...
*cmd* 'TYPE I'
*resp* '200 Type set to I'
*cmd* 'PASV'
*resp* '227 Entering Passive Mode (89,116,53,41,9,11).'
*cmd* 'STOR top-10-smart-home-gadgets-amazon-2025.json'
*resp* '150 Opening BINARY mode data connection for top-10-smart-home-gadgets-amazon-2025.json'
*resp* '226 Transfer complete'
*cmd* 'CWD /'
*resp* '250 CWD command successful'
*cmd* 'CWD articles'
*resp* '250 CWD command successful'
Uploading articles/revolutionary-ai-tech-products-amazon-2025.json...
*cmd* 'TYPE I'
*resp* '200 Type set to I'
*cmd* 'PASV'
*resp* '227 Entering Passive Mode (89,116,53,41,8,125).'
*cmd* 'STOR revolutionary-ai-tech-products-amazon-2025.json'
*resp* '150 Opening BINARY mode data connection for revolutionary-ai-tech-products-amazon-2025.json'
*resp* '226 Transfer complete'
*cmd* 'CWD /'
*resp* '250 CWD command successful'
*cmd* 'CWD articles'
*resp* '250 CWD command successful'
Uploading articles/ai-assistants-comparison-2025.json...
*cmd* 'TYPE I'
*resp* '200 Type set to I'
*cmd* 'PASV'
*resp* '227 Entering Passive Mode (89,116,53,41,9,54).'
*cmd* 'STOR ai-assistants-comparison-2025.json'
*resp* '150 Opening BINARY mode data connection for ai-assistants-comparison-2025.json'
*resp* '226 Transfer complete'
*cmd* 'CWD /'
*resp* '250 CWD command successful'
*cmd* 'CWD articles'
*resp* '250 CWD command successful'
Uploading articles/holiday-tech-gift-guide-2025.json...
*cmd* 'TYPE I'
*resp* '200 Type set to I'
*cmd* 'PASV'
*resp* '227 Entering Passive Mode (89,116,53,41,8,200).'
*cmd* 'STOR holiday-tech-gift-guide-2025.json'
*resp* '150 Opening BINARY mode data connection for holiday-tech-gift-guide-2025.json'
*resp* '226 Transfer complete'
*cmd* 'CWD /'
*resp* '250 CWD command successful'
*cmd* 'CWD articles'
*resp* '250 CWD command successful'
Uploading articles/best-wireless-earbuds-2025.json...
*cmd* 'TYPE I'
*resp* '200 Type set to I'
*cmd* 'PASV'
*resp* '227 Entering Passive Mode (89,116,53,41,8,178).'
*cmd* 'STOR best-wireless-earbuds-2025.json'
*resp* '150 Opening BINARY mode data connection for best-wireless-earbuds-2025.json'
*resp* '226 Transfer complete'
*cmd* 'CWD /'
*resp* '250 CWD command successful'
*cmd* 'CWD articles'
*resp* '250 CWD command successful'
Uploading articles/5.json...
*cmd* 'TYPE I'
*resp* '200 Type set to I'
*cmd* 'PASV'
*resp* '227 Entering Passive Mode (89,116,53,41,8,213).'
*cmd* 'STOR 5.json'
*resp* '150 Opening BINARY mode data connection for 5.json'
*resp* '226 Transfer complete'
*cmd* 'CWD /'
*resp* '250 CWD command successful'
*cmd* 'CWD articles'
*resp* '250 CWD command successful'
Uploading articles/20250819---topowe-programy-do-zarządzania-czasem-dla-freelancerów.html...
*cmd* 'TYPE I'
*resp* '200 Type set to I'
*cmd* 'PASV'
*resp* '227 Entering Passive Mode (89,116,53,41,9,64).'
*cmd* 'STOR 20250819---topowe-programy-do-zarządzania-czasem-dla-freelancerów.html'
*resp* '150 Opening BINARY mode data connection for 20250819---topowe-programy-do-zarządzania-czasem-dla-freelancerów.html'
*resp* '226 Transfer complete'
*cmd* 'CWD /'
*resp* '250 CWD command successful'
*cmd* 'CWD articles'
*resp* '250 CWD command successful'
Uploading articles/article1_schema_patch.json...
*cmd* 'TYPE I'
*resp* '200 Type set to I'
*cmd* 'PASV'
*resp* '227 Entering Passive Mode (89,116,53,41,8,217).'
*cmd* 'STOR article1_schema_patch.json'
*resp* '150 Opening BINARY mode data connection for article1_schema_patch.json'
*resp* '226 Transfer complete'
*cmd* 'CWD /'
*resp* '250 CWD command successful'
*cmd* 'CWD public'
*resp* '250 CWD command successful'
*cmd* 'CWD images'
*resp* '250 CWD command successful'
*cmd* 'CWD articles'
*resp* '250 CWD command successful'
*cmd* 'CWD /'
*resp* '250 CWD command successful'
*cmd* 'CWD public'
*resp* '250 CWD command successful'
*cmd* 'CWD images'
*resp* '250 CWD command successful'
*cmd* 'CWD articles'
*resp* '250 CWD command successful'
Uploading public/images/articles/samsung-quantum-dot-oled-tv.jpg...
*cmd* 'TYPE I'
*resp* '200 Type set to I'
*cmd* 'PASV'
*resp* '227 Entering Passive Mode (89,116,53,41,8,133).'
*cmd* 'STOR samsung-quantum-dot-oled-tv.jpg'
*resp* '150 Opening BINARY mode data connection for samsung-quantum-dot-oled-tv.jpg'
*resp* '226 Transfer complete'
*cmd* 'CWD /'
*resp* '250 CWD command successful'
*cmd* 'CWD public'
*resp* '250 CWD command successful'
*cmd* 'CWD images'
*resp* '250 CWD command successful'
*cmd* 'CWD articles'
*resp* '250 CWD command successful'
Uploading public/images/articles/canon-eos-r7c.jpg...
*cmd* 'TYPE I'
*resp* '200 Type set to I'
*cmd* 'PASV'
*resp* '227 Entering Passive Mode (89,116,53,41,8,220).'
*cmd* 'STOR canon-eos-r7c.jpg'
*resp* '150 Opening BINARY mode data connection for canon-eos-r7c.jpg'
*resp* '226 Transfer complete'
*cmd* 'CWD /'
*resp* '250 CWD command successful'
*cmd* 'CWD public'
*resp* '250 CWD command successful'
*cmd* 'CWD images'
*resp* '250 CWD command successful'
*cmd* 'CWD articles'
*resp* '250 CWD command successful'
Uploading public/images/articles/sony-wh-1000xm5.jpg...
*cmd* 'TYPE I'
*resp* '200 Type set to I'
*cmd* 'PASV'
*resp* '227 Entering Passive Mode (89,116,53,41,8,190).'
*cmd* 'STOR sony-wh-1000xm5.jpg'
*resp* '150 Opening BINARY mode data connection for sony-wh-1000xm5.jpg'
*resp* '226 Transfer complete'
*cmd* 'CWD /'
*resp* '250 CWD command successful'
*cmd* 'CWD public'
*resp* '250 CWD command successful'
*cmd* 'CWD images'
*resp* '250 CWD command successful'
*cmd* 'CWD articles'
*resp* '250 CWD command successful'
Uploading public/images/articles/bose-quietcomfort-earbuds-ii.jpg...
*cmd* 'TYPE I'
*resp* '200 Type set to I'
*cmd* 'PASV'
*resp* '227 Entering Passive Mode (89,116,53,41,9,35).'
*cmd* 'STOR bose-quietcomfort-earbuds-ii.jpg'
*resp* '150 Opening BINARY mode data connection for bose-quietcomfort-earbuds-ii.jpg'
*resp* '226 Transfer complete'
*cmd* 'CWD /'
*resp* '250 CWD command successful'
*cmd* 'CWD public'
*resp* '250 CWD command successful'
*cmd* 'CWD images'
*resp* '250 CWD command successful'
*cmd* 'CWD articles'
*resp* '250 CWD command successful'
Uploading public/images/articles/samsung-galaxy-watch-6.jpg...
*cmd* 'TYPE I'
*resp* '200 Type set to I'
*cmd* 'PASV'
*resp* '227 Entering Passive Mode (89,116,53,41,8,220).'
*cmd* 'STOR samsung-galaxy-watch-6.jpg'
*resp* '150 Opening BINARY mode data connection for samsung-galaxy-watch-6.jpg'
*resp* '226 Transfer complete'
*cmd* 'CWD /'
*resp* '250 CWD command successful'
*cmd* 'CWD public'
*resp* '250 CWD command successful'
*cmd* 'CWD images'
*resp* '250 CWD command successful'
*cmd* 'CWD articles'
*resp* '250 CWD command successful'
Uploading public/images/articles/alienware-x14.jpg...
*cmd* 'TYPE I'
*resp* '200 Type set to I'
*cmd* 'PASV'
*resp* '227 Entering Passive Mode (89,116,53,41,9,15).'
*cmd* 'STOR alienware-x14.jpg'
*resp* '150 Opening BINARY mode data connection for alienware-x14.jpg'
*resp* '226 Transfer complete'
*cmd* 'CWD /'
*resp* '250 CWD command successful'
*cmd* 'CWD public'
*resp* '250 CWD command successful'
*cmd* 'CWD images'
*resp* '250 CWD command successful'
*cmd* 'CWD articles'
*resp* '250 CWD command successful'
Uploading public/images/articles/gopro-hero13.jpg...
*cmd* 'TYPE I'
*resp* '200 Type set to I'
*cmd* 'PASV'
*resp* '227 Entering Passive Mode (89,116,53,41,9,5).'
*cmd* 'STOR gopro-hero13.jpg'
*resp* '150 Opening BINARY mode data connection for gopro-hero13.jpg'
*resp* '226 Transfer complete'
*cmd* 'CWD /'
*resp* '250 CWD command successful'
*cmd* 'CWD public'
*resp* '250 CWD command successful'
*cmd* 'CWD images'
*resp* '250 CWD command successful'
*cmd* 'CWD articles'
*resp* '250 CWD command successful'
Uploading public/images/articles/sony-zv-5.jpg...
*cmd* 'TYPE I'
*resp* '200 Type set to I'
*cmd* 'PASV'
*resp* '227 Entering Passive Mode (89,116,53,41,9,93).'
*cmd* 'STOR sony-zv-5.jpg'
*resp* '150 Opening BINARY mode data connection for sony-zv-5.jpg'
*resp* '226 Transfer complete'
*cmd* 'CWD /'
*resp* '250 CWD command successful'
*cmd* 'CWD public'
*resp* '250 CWD command successful'
*cmd* 'CWD images'
*resp* '250 CWD command successful'
*cmd* 'CWD articles'
*resp* '250 CWD command successful'
Uploading public/images/articles/apple-airpods-pro-2.jpg...
*cmd* 'TYPE I'
*resp* '200 Type set to I'
*cmd* 'PASV'
*resp* '227 Entering Passive Mode (89,116,53,41,8,115).'
*cmd* 'STOR apple-airpods-pro-2.jpg'
*resp* '150 Opening BINARY mode data connection for apple-airpods-pro-2.jpg'
*resp* '226 Transfer complete'
*cmd* 'CWD /'
*resp* '250 CWD command successful'
*cmd* 'CWD public'
*resp* '250 CWD command successful'
*cmd* 'CWD images'
*resp* '250 CWD command successful'
*cmd* 'CWD articles'
*resp* '250 CWD command successful'
Uploading public/images/articles/razer-blade-14.jpg...
*cmd* 'TYPE I'
*resp* '200 Type set to I'
*cmd* 'PASV'
*resp* '227 Entering Passive Mode (89,116,53,41,8,62).'
*cmd* 'STOR razer-blade-14.jpg'
*resp* '150 Opening BINARY mode data connection for razer-blade-14.jpg'
*resp* '226 Transfer complete'
*cmd* 'CWD /'
*resp* '250 CWD command successful'
*cmd* 'CWD public'
*resp* '250 CWD command successful'
*cmd* 'CWD images'
*resp* '250 CWD command successful'
*cmd* 'CWD articles'
*resp* '250 CWD command successful'
Uploading public/images/articles/dji-mini-3-pro.jpg...
*cmd* 'TYPE I'
*resp* '200 Type set to I'
*cmd* 'PASV'
*resp* '227 Entering Passive Mode (89,116,53,41,9,71).'
*cmd* 'STOR dji-mini-3-pro.jpg'
*resp* '150 Opening BINARY mode data connection for dji-mini-3-pro.jpg'
*resp* '226 Transfer complete'
*cmd* 'CWD /'
*resp* '250 CWD command successful'
*cmd* 'CWD public'
*resp* '250 CWD command successful'
*cmd* 'CWD images'
*resp* '250 CWD command successful'
*cmd* 'CWD articles'
*resp* '250 CWD command successful'
Uploading public/images/articles/apple-watch-series-9.jpg...
*cmd* 'TYPE I'
*resp* '200 Type set to I'
*cmd* 'PASV'
*resp* '227 Entering Passive Mode (89,116,53,41,8,86).'
*cmd* 'STOR apple-watch-series-9.jpg'
*resp* '150 Opening BINARY mode data connection for apple-watch-series-9.jpg'
*resp* '226 Transfer complete'
*cmd* 'CWD /'
*resp* '250 CWD command successful'
*cmd* 'CWD public'
*resp* '250 CWD command successful'
*cmd* 'CWD images'
*resp* '250 CWD command successful'
*cmd* 'CWD articles'
*resp* '250 CWD command successful'
Uploading public/images/articles/asus-rog-zephyrus-g14.jpg...
*cmd* 'TYPE I'
*resp* '200 Type set to I'
*cmd* 'PASV'
*resp* '227 Entering Passive Mode (89,116,53,41,8,195).'
*cmd* 'STOR asus-rog-zephyrus-g14.jpg'
*resp* '150 Opening BINARY mode data connection for asus-rog-zephyrus-g14.jpg'
*resp* '226 Transfer complete'
*cmd* 'CWD /'
*resp* '250 CWD command successful'
*cmd* 'CWD data'
*resp* '250 CWD command successful'
*cmd* 'CWD /'
*resp* '250 CWD command successful'
*cmd* 'CWD data'
*resp* '250 CWD command successful'
Uploading data/article9.json...
*cmd* 'TYPE I'
*resp* '200 Type set to I'
*cmd* 'PASV'
*resp* '227 Entering Passive Mode (89,116,53,41,8,80).'
*cmd* 'STOR article9.json'
*resp* '150 Opening BINARY mode data connection for article9.json'
*resp* '226 Transfer complete'
*cmd* 'CWD /'
*resp* '250 CWD command successful'
*cmd* 'CWD data'
*resp* '250 CWD command successful'
Uploading data/authors.json...
*cmd* 'TYPE I'
*resp* '200 Type set to I'
*cmd* 'PASV'
*resp* '227 Entering Passive Mode (89,116,53,41,8,209).'
*cmd* 'STOR authors.json'
*resp* '150 Opening BINARY mode data connection for authors.json'
*resp* '226 Transfer complete'
*cmd* 'CWD /'
*resp* '250 CWD command successful'
*cmd* 'CWD data'
*resp* '250 CWD command successful'
Uploading data/articles-data.js...
*cmd* 'TYPE I'
*resp* '200 Type set to I'
*cmd* 'PASV'
*resp* '227 Entering Passive Mode (89,116,53,41,8,114).'
*cmd* 'STOR articles-data.js'
*resp* '150 Opening BINARY mode data connection for articles-data.js'
*resp* '226 Transfer complete'
*cmd* 'CWD /'
*resp* '250 CWD command successful'
*cmd* 'CWD data'
*resp* '250 CWD command successful'
Uploading data/article8.json...
*cmd* 'TYPE I'
*resp* '200 Type set to I'
*cmd* 'PASV'
*resp* '227 Entering Passive Mode (89,116,53,41,8,79).'
*cmd* 'STOR article8.json'
*resp* '150 Opening BINARY mode data connection for article8.json'
*resp* '226 Transfer complete'
*cmd* 'CWD /'
*resp* '250 CWD command successful'
*cmd* 'CWD data'
*resp* '250 CWD command successful'
Uploading data/article7.json...
*cmd* 'TYPE I'
*resp* '200 Type set to I'
*cmd* 'PASV'
*resp* '227 Entering Passive Mode (89,116,53,41,8,236).'
*cmd* 'STOR article7.json'
*resp* '150 Opening BINARY mode data connection for article7.json'
*resp* '226 Transfer complete'
*cmd* 'CWD /'
*resp* '250 CWD command successful'
*cmd* 'CWD data'
*resp* '250 CWD command successful'
*cmd* 'CWD articles'
*resp* '250 CWD command successful'
*cmd* 'CWD /'
*resp* '250 CWD command successful'
*cmd* 'CWD data'
*resp* '250 CWD command successful'
*cmd* 'CWD articles'
*resp* '250 CWD command successful'
Uploading data/articles/article3.json...
*cmd* 'TYPE I'
*resp* '200 Type set to I'
*cmd* 'PASV'
*resp* '227 Entering Passive Mode (89,116,53,41,8,132).'
*cmd* 'STOR article3.json'
*resp* '150 Opening BINARY mode data connection for article3.json'
*resp* '226 Transfer complete'
*cmd* 'CWD /'
*resp* '250 CWD command successful'
*cmd* 'CWD data'
*resp* '250 CWD command successful'
*cmd* 'CWD articles'
*resp* '250 CWD command successful'
Uploading data/articles/samsung-galaxy-s26-ultra-review.json...
*cmd* 'TYPE I'
*resp* '200 Type set to I'
*cmd* 'PASV'
*resp* '227 Entering Passive Mode (89,116,53,41,8,221).'
*cmd* 'STOR samsung-galaxy-s26-ultra-review.json'
*resp* '150 Opening BINARY mode data connection for samsung-galaxy-s26-ultra-review.json'
*resp* '226 Transfer complete'
*cmd* 'CWD /'
*resp* '250 CWD command successful'
*cmd* 'CWD data'
*resp* '250 CWD command successful'
*cmd* 'CWD articles'
*resp* '250 CWD command successful'
Uploading data/articles/best-4k-monitors-2025.json...
*cmd* 'TYPE I'
*resp* '200 Type set to I'
*cmd* 'PASV'
*resp* '227 Entering Passive Mode (89,116,53,41,8,253).'
*cmd* 'STOR best-4k-monitors-2025.json'
*resp* '150 Opening BINARY mode data connection for best-4k-monitors-2025.json'
*resp* '226 Transfer complete'
*cmd* 'CWD /'
*resp* '250 CWD command successful'
*cmd* 'CWD data'
*resp* '250 CWD command successful'
*cmd* 'CWD articles'
*resp* '250 CWD command successful'
Uploading data/articles/top-ai-gadgets-amazon-2025.json...
*cmd* 'TYPE I'
*resp* '200 Type set to I'
*cmd* 'PASV'
*resp* '227 Entering Passive Mode (89,116,53,41,8,62).'
*cmd* 'STOR top-ai-gadgets-amazon-2025.json'
*resp* '150 Opening BINARY mode data connection for top-ai-gadgets-amazon-2025.json'
*resp* '226 Transfer complete'
*cmd* 'CWD /'
*resp* '250 CWD command successful'
*cmd* 'CWD data'
*resp* '250 CWD command successful'
*cmd* 'CWD articles'
*resp* '250 CWD command successful'
Uploading data/articles/affiliate_links.json...
*cmd* 'TYPE I'
*resp* '200 Type set to I'
*cmd* 'PASV'
*resp* '227 Entering Passive Mode (89,116,53,41,8,248).'
*cmd* 'STOR affiliate_links.json'
*resp* '150 Opening BINARY mode data connection for affiliate_links.json'
*resp* '226 Transfer complete'
*cmd* 'CWD /'
*resp* '250 CWD command successful'
*cmd* 'CWD data'
*resp* '250 CWD command successful'
*cmd* 'CWD articles'
*resp* '250 CWD command successful'
Uploading data/articles/best-mechanical-keyboards-2025.json...
*cmd* 'TYPE I'
*resp* '200 Type set to I'
*cmd* 'PASV'
*resp* '227 Entering Passive Mode (89,116,53,41,8,169).'
*cmd* 'STOR best-mechanical-keyboards-2025.json'
*resp* '150 Opening BINARY mode data connection for best-mechanical-keyboards-2025.json'
*resp* '226 Transfer complete'
*cmd* 'CWD /'
*resp* '250 CWD command successful'
*cmd* 'CWD data'
*resp* '250 CWD command successful'
*cmd* 'CWD articles'
*resp* '250 CWD command successful'
Uploading data/articles/top-wireless-earbuds-2025-comparison.json...
*cmd* 'TYPE I'
*resp* '200 Type set to I'
*cmd* 'PASV'
*resp* '227 Entering Passive Mode (89,116,53,41,8,136).'
*cmd* 'STOR top-wireless-earbuds-2025-comparison.json'
*resp* '150 Opening BINARY mode data connection for top-wireless-earbuds-2025-comparison.json'
*resp* '226 Transfer complete'
*cmd* 'CWD /'
*resp* '250 CWD command successful'
*cmd* 'CWD data'
*resp* '250 CWD command successful'
*cmd* 'CWD articles'
*resp* '250 CWD command successful'
Uploading data/articles/article2.json...
*cmd* 'TYPE I'
*resp* '200 Type set to I'
*cmd* 'PASV'
*resp* '227 Entering Passive Mode (89,116,53,41,8,207).'
*cmd* 'STOR article2.json'
*resp* '150 Opening BINARY mode data connection for article2.json'
*resp* '226 Transfer complete'
*cmd* 'CWD /'
*resp* '250 CWD command successful'
*cmd* 'CWD data'
*resp* '250 CWD command successful'
*cmd* 'CWD articles'
*resp* '250 CWD command successful'
Uploading data/articles/article9.json...
*cmd* 'TYPE I'
*resp* '200 Type set to I'
*cmd* 'PASV'
*resp* '227 Entering Passive Mode (89,116,53,41,9,61).'
*cmd* 'STOR article9.json'
*resp* '150 Opening BINARY mode data connection for article9.json'
*resp* '226 Transfer complete'
*cmd* 'CWD /'
*resp* '250 CWD command successful'
*cmd* 'CWD data'
*resp* '250 CWD command successful'
*cmd* 'CWD articles'
*resp* '250 CWD command successful'
Uploading data/articles/best-laptops-2025.json...
*cmd* 'TYPE I'
*resp* '200 Type set to I'
*cmd* 'PASV'
*resp* '227 Entering Passive Mode (89,116,53,41,9,6).'
*cmd* 'STOR best-laptops-2025.json'
*resp* '150 Opening BINARY mode data connection for best-laptops-2025.json'
*resp* '226 Transfer complete'
*cmd* 'CWD /'
*resp* '250 CWD command successful'
*cmd* 'CWD data'
*resp* '250 CWD command successful'
*cmd* 'CWD articles'
*resp* '250 CWD command successful'
Uploading data/articles/article5.json...
*cmd* 'TYPE I'
*resp* '200 Type set to I'
*cmd* 'PASV'
*resp* '227 Entering Passive Mode (89,116,53,41,8,68).'
*cmd* 'STOR article5.json'
*resp* '150 Opening BINARY mode data connection for article5.json'
*resp* '226 Transfer complete'
*cmd* 'CWD /'
*resp* '250 CWD command successful'
*cmd* 'CWD data'
*resp* '250 CWD command successful'
*cmd* 'CWD articles'
*resp* '250 CWD command successful'
Uploading data/articles/apple-watch-ultra-2-review.json...
*cmd* 'TYPE I'
*resp* '200 Type set to I'
*cmd* 'PASV'
*resp* '227 Entering Passive Mode (89,116,53,41,9,30).'
*cmd* 'STOR apple-watch-ultra-2-review.json'
*resp* '150 Opening BINARY mode data connection for apple-watch-ultra-2-review.json'
*resp* '226 Transfer complete'
*cmd* 'CWD /'
*resp* '250 CWD command successful'
*cmd* 'CWD data'
*resp* '250 CWD command successful'
*cmd* 'CWD articles'
*resp* '250 CWD command successful'
Uploading data/articles/best-gaming-accessories-2025.json...
*cmd* 'TYPE I'
*resp* '200 Type set to I'
*cmd* 'PASV'
*resp* '227 Entering Passive Mode (89,116,53,41,8,127).'
*cmd* 'STOR best-gaming-accessories-2025.json'
*resp* '150 Opening BINARY mode data connection for best-gaming-accessories-2025.json'
*resp* '226 Transfer complete'
*cmd* 'CWD /'
*resp* '250 CWD command successful'
*cmd* 'CWD data'
*resp* '250 CWD command successful'
*cmd* 'CWD articles'
*resp* '250 CWD command successful'
Uploading data/articles/best-smart-home-devices-2025.json...
*cmd* 'TYPE I'
*resp* '200 Type set to I'
*cmd* 'PASV'
*resp* '227 Entering Passive Mode (89,116,53,41,8,149).'
*cmd* 'STOR best-smart-home-devices-2025.json'
*resp* '150 Opening BINARY mode data connection for best-smart-home-devices-2025.json'
*resp* '226 Transfer complete'
*cmd* 'CWD /'
*resp* '250 CWD command successful'
*cmd* 'CWD data'
*resp* '250 CWD command successful'
*cmd* 'CWD articles'
*resp* '250 CWD command successful'
Uploading data/articles/best-portable-monitors-2025.json...
*cmd* 'TYPE I'
*resp* '200 Type set to I'
*cmd* 'PASV'
*resp* '227 Entering Passive Mode (89,116,53,41,8,154).'
*cmd* 'STOR best-portable-monitors-2025.json'
*resp* '150 Opening BINARY mode data connection for best-portable-monitors-2025.json'
*resp* '226 Transfer complete'
*cmd* 'CWD /'
*resp* '250 CWD command successful'
*cmd* 'CWD data'
*resp* '250 CWD command successful'
*cmd* 'CWD articles'
*resp* '250 CWD command successful'
Uploading data/articles/article4.json...
*cmd* 'TYPE I'
*resp* '200 Type set to I'
*cmd* 'PASV'
*resp* '227 Entering Passive Mode (89,116,53,41,9,10).'
*cmd* 'STOR article4.json'
*resp* '150 Opening BINARY mode data connection for article4.json'
*resp* '226 Transfer complete'
*cmd* 'CWD /'
*resp* '250 CWD command successful'
*cmd* 'CWD data'
*resp* '250 CWD command successful'
*cmd* 'CWD articles'
*resp* '250 CWD command successful'
Uploading data/articles/best-eco-friendly-products-amazon-2025.json...
*cmd* 'TYPE I'
*resp* '200 Type set to I'
*cmd* 'PASV'
*resp* '227 Entering Passive Mode (89,116,53,41,8,88).'
*cmd* 'STOR best-eco-friendly-products-amazon-2025.json'
*resp* '150 Opening BINARY mode data connection for best-eco-friendly-products-amazon-2025.json'
*resp* '226 Transfer complete'
*cmd* 'CWD /'
*resp* '250 CWD command successful'
*cmd* 'CWD data'
*resp* '250 CWD command successful'
*cmd* 'CWD articles'
*resp* '250 CWD command successful'
Uploading data/articles/article8.json...
*cmd* 'TYPE I'
*resp* '200 Type set to I'
*cmd* 'PASV'
*resp* '227 Entering Passive Mode (89,116,53,41,9,66).'
*cmd* 'STOR article8.json'
*resp* '150 Opening BINARY mode data connection for article8.json'
*resp* '226 Transfer complete'
*cmd* 'CWD /'
*resp* '250 CWD command successful'
*cmd* 'CWD data'
*resp* '250 CWD command successful'
*cmd* 'CWD articles'
*resp* '250 CWD command successful'
Uploading data/articles/iphone-16-pro-max-review.json...
*cmd* 'TYPE I'
*resp* '200 Type set to I'
*cmd* 'PASV'
*resp* '227 Entering Passive Mode (89,116,53,41,8,185).'
*cmd* 'STOR iphone-16-pro-max-review.json'
*resp* '150 Opening BINARY mode data connection for iphone-16-pro-max-review.json'
*resp* '226 Transfer complete'
*cmd* 'CWD /'
*resp* '250 CWD command successful'
*cmd* 'CWD data'
*resp* '250 CWD command successful'
*cmd* 'CWD articles'
*resp* '250 CWD command successful'
Uploading data/articles/best-gaming-headsets-2025.json...
*cmd* 'TYPE I'
*resp* '200 Type set to I'
*cmd* 'PASV'
*resp* '227 Entering Passive Mode (89,116,53,41,9,41).'
*cmd* 'STOR best-gaming-headsets-2025.json'
*resp* '150 Opening BINARY mode data connection for best-gaming-headsets-2025.json'
*resp* '226 Transfer complete'
*cmd* 'CWD /'
*resp* '250 CWD command successful'
*cmd* 'CWD data'
*resp* '250 CWD command successful'
*cmd* 'CWD articles'
*resp* '250 CWD command successful'
Uploading data/articles/sony-wh-1000xm5-review.json...
*cmd* 'TYPE I'
*resp* '200 Type set to I'
*cmd* 'PASV'
*resp* '227 Entering Passive Mode (89,116,53,41,9,63).'
*cmd* 'STOR sony-wh-1000xm5-review.json'
*resp* '150 Opening BINARY mode data connection for sony-wh-1000xm5-review.json'
*resp* '226 Transfer complete'
*cmd* 'CWD /'
*resp* '250 CWD command successful'
*cmd* 'CWD data'
*resp* '250 CWD command successful'
*cmd* 'CWD articles'
*resp* '250 CWD command successful'
Uploading data/articles/best-amazon-gadgets-march-2025.json...
*cmd* 'TYPE I'
*resp* '200 Type set to I'
*cmd* 'PASV'
*resp* '227 Entering Passive Mode (89,116,53,41,8,249).'
*cmd* 'STOR best-amazon-gadgets-march-2025.json'
*resp* '150 Opening BINARY mode data connection for best-amazon-gadgets-march-2025.json'
*resp* '226 Transfer complete'
*cmd* 'CWD /'
*resp* '250 CWD command successful'
*cmd* 'CWD data'
*resp* '250 CWD command successful'
*cmd* 'CWD articles'
*resp* '250 CWD command successful'
Uploading data/articles/summer-2025-laptop-buying-guide.json...
*cmd* 'TYPE I'
*resp* '200 Type set to I'
*cmd* 'PASV'
*resp* '227 Entering Passive Mode (89,116,53,41,9,52).'
*cmd* 'STOR summer-2025-laptop-buying-guide.json'
*resp* '150 Opening BINARY mode data connection for summer-2025-laptop-buying-guide.json'
*resp* '226 Transfer complete'
*cmd* 'CWD /'
*resp* '250 CWD command successful'
*cmd* 'CWD data'
*resp* '250 CWD command successful'
*cmd* 'CWD articles'
*resp* '250 CWD command successful'
Uploading data/articles/article7.json...
*cmd* 'TYPE I'
*resp* '200 Type set to I'
*cmd* 'PASV'
*resp* '227 Entering Passive Mode (89,116,53,41,9,38).'
*cmd* 'STOR article7.json'
*resp* '150 Opening BINARY mode data connection for article7.json'
*resp* '226 Transfer complete'
*cmd* 'CWD /'
*resp* '250 CWD command successful'
*cmd* 'CWD data'
*resp* '250 CWD command successful'
*cmd* 'CWD articles'
*resp* '250 CWD command successful'
Uploading data/articles/best-tech-gadgets-amazon-2025.json...
*cmd* 'TYPE I'
*resp* '200 Type set to I'
*cmd* 'PASV'
*resp* '227 Entering Passive Mode (89,116,53,41,9,27).'
*cmd* 'STOR best-tech-gadgets-amazon-2025.json'
*resp* '150 Opening BINARY mode data connection for best-tech-gadgets-amazon-2025.json'
*resp* '226 Transfer complete'
*cmd* 'CWD /'
*resp* '250 CWD command successful'
*cmd* 'CWD data'
*resp* '250 CWD command successful'
*cmd* 'CWD articles'
*resp* '250 CWD command successful'
Uploading data/articles/article6.json...
*cmd* 'TYPE I'
*resp* '200 Type set to I'
*cmd* 'PASV'
*resp* '227 Entering Passive Mode (89,116,53,41,8,152).'
*cmd* 'STOR article6.json'
*resp* '150 Opening BINARY mode data connection for article6.json'
*resp* '226 Transfer complete'
*cmd* 'CWD /'
*resp* '250 CWD command successful'
*cmd* 'CWD data'
*resp* '250 CWD command successful'
*cmd* 'CWD articles'
*resp* '250 CWD command successful'
Uploading data/articles/iphone-17-vs-samsung-s25.json...
*cmd* 'TYPE I'
*resp* '200 Type set to I'
*cmd* 'PASV'
*resp* '227 Entering Passive Mode (89,116,53,41,9,67).'
*cmd* 'STOR iphone-17-vs-samsung-s25.json'
*resp* '150 Opening BINARY mode data connection for iphone-17-vs-samsung-s25.json'
*resp* '226 Transfer complete'
*cmd* 'CWD /'
*resp* '250 CWD command successful'
*cmd* 'CWD data'
*resp* '250 CWD command successful'
*cmd* 'CWD articles'
*resp* '250 CWD command successful'
Uploading data/articles/best-budget-tech-gadgets-2024.json...
*cmd* 'TYPE I'
*resp* '200 Type set to I'
*cmd* 'PASV'
*resp* '227 Entering Passive Mode (89,116,53,41,8,141).'
*cmd* 'STOR best-budget-tech-gadgets-2024.json'
*resp* '150 Opening BINARY mode data connection for best-budget-tech-gadgets-2024.json'
*resp* '226 Transfer complete'
*cmd* 'CWD /'
*resp* '250 CWD command successful'
*cmd* 'CWD data'
*resp* '250 CWD command successful'
*cmd* 'CWD articles'
*resp* '250 CWD command successful'
Uploading data/articles/dji-mini-4-pro-review.json...
*cmd* 'TYPE I'
*resp* '200 Type set to I'
*cmd* 'PASV'
*resp* '227 Entering Passive Mode (89,116,53,41,8,214).'
*cmd* 'STOR dji-mini-4-pro-review.json'
*resp* '150 Opening BINARY mode data connection for dji-mini-4-pro-review.json'
*resp* '226 Transfer complete'
*cmd* 'CWD /'
*resp* '250 CWD command successful'
*cmd* 'CWD data'
*resp* '250 CWD command successful'
*cmd* 'CWD articles'
*resp* '250 CWD command successful'
Uploading data/articles/fix_json.py...
*cmd* 'TYPE I'
*resp* '200 Type set to I'
*cmd* 'PASV'
*resp* '227 Entering Passive Mode (89,116,53,41,9,94).'
*cmd* 'STOR fix_json.py'
*resp* '150 Opening BINARY mode data connection for fix_json.py'
*resp* '226 Transfer complete'
*cmd* 'CWD /'
*resp* '250 CWD command successful'
*cmd* 'CWD data'
*resp* '250 CWD command successful'
*cmd* 'CWD articles'
*resp* '250 CWD command successful'
Uploading data/articles/top-5-flagship-gadgets-2025.json...
*cmd* 'TYPE I'
*resp* '200 Type set to I'
*cmd* 'PASV'
*resp* '227 Entering Passive Mode (89,116,53,41,9,70).'
*cmd* 'STOR top-5-flagship-gadgets-2025.json'
*resp* '150 Opening BINARY mode data connection for top-5-flagship-gadgets-2025.json'
*resp* '226 Transfer complete'
*cmd* 'CWD /'
*resp* '250 CWD command successful'
*cmd* 'CWD data'
*resp* '250 CWD command successful'
*cmd* 'CWD articles'
*resp* '250 CWD command successful'
Uploading data/articles/sony-wh-1000xm5-vs-bose-qc-ultra-comparison.json...
*cmd* 'TYPE I'
*resp* '200 Type set to I'
*cmd* 'PASV'
*resp* '227 Entering Passive Mode (89,116,53,41,9,38).'
*cmd* 'STOR sony-wh-1000xm5-vs-bose-qc-ultra-comparison.json'
*resp* '150 Opening BINARY mode data connection for sony-wh-1000xm5-vs-bose-qc-ultra-comparison.json'
*resp* '226 Transfer complete'
*cmd* 'CWD /'
*resp* '250 CWD command successful'
*cmd* 'CWD data'
*resp* '250 CWD command successful'
*cmd* 'CWD articles'
*resp* '250 CWD command successful'
Uploading data/articles/article1.json...
*cmd* 'TYPE I'
*resp* '200 Type set to I'
*cmd* 'PASV'
*resp* '227 Entering Passive Mode (89,116,53,41,8,219).'
*cmd* 'STOR article1.json'
*resp* '150 Opening BINARY mode data connection for article1.json'
*resp* '226 Transfer complete'
*cmd* 'CWD /'
*resp* '250 CWD command successful'
*cmd* 'CWD data'
*resp* '250 CWD command successful'
*cmd* 'CWD articles'
*resp* '250 CWD command successful'
Uploading data/articles/razer-v4-pro-vs-logitech-g915x-comparison.json...
*cmd* 'TYPE I'
*resp* '200 Type set to I'
*cmd* 'PASV'
*resp* '227 Entering Passive Mode (89,116,53,41,8,228).'
*cmd* 'STOR razer-v4-pro-vs-logitech-g915x-comparison.json'
*resp* '150 Opening BINARY mode data connection for razer-v4-pro-vs-logitech-g915x-comparison.json'
*resp* '226 Transfer complete'
*cmd* 'CWD /'
*resp* '250 CWD command successful'
*cmd* 'CWD data'
*resp* '250 CWD command successful'
*cmd* 'CWD articles'
*resp* '250 CWD command successful'
Uploading data/articles/articles.json...
*cmd* 'TYPE I'
*resp* '200 Type set to I'
*cmd* 'PASV'
*resp* '227 Entering Passive Mode (89,116,53,41,9,49).'
*cmd* 'STOR articles.json'
*resp* '150 Opening BINARY mode data connection for articles.json'
*resp* '226 Transfer complete'
*cmd* 'CWD /'
*resp* '250 CWD command successful'
*cmd* 'CWD data'
*resp* '250 CWD command successful'
*cmd* 'CWD articles'
*resp* '250 CWD command successful'
Uploading data/articles/internal_linking_map.json...
*cmd* 'TYPE I'
*resp* '200 Type set to I'
*cmd* 'PASV'
*resp* '227 Entering Passive Mode (89,116,53,41,8,116).'
*cmd* 'STOR internal_linking_map.json'
*resp* '150 Opening BINARY mode data connection for internal_linking_map.json'
*resp* '226 Transfer complete'
*cmd* 'CWD /'
*resp* '250 CWD command successful'
*cmd* 'CWD data'
*resp* '250 CWD command successful'
*cmd* 'CWD articles'
*resp* '250 CWD command successful'
Uploading data/articles/best-tech-gadgets-comparison-2025.json...
*cmd* 'TYPE I'
*resp* '200 Type set to I'
*cmd* 'PASV'
*resp* '227 Entering Passive Mode (89,116,53,41,9,90).'
*cmd* 'STOR best-tech-gadgets-comparison-2025.json'
*resp* '150 Opening BINARY mode data connection for best-tech-gadgets-comparison-2025.json'
*resp* '226 Transfer complete'
*cmd* 'CWD /'
*resp* '250 CWD command successful'
*cmd* 'CWD data'
*resp* '250 CWD command successful'
*cmd* 'CWD articles'
*resp* '250 CWD command successful'
Uploading data/articles/iphone-16-pro-max-vs-samsung-s24-ultra.json...
*cmd* 'TYPE I'
*resp* '200 Type set to I'
*cmd* 'PASV'
*resp* '227 Entering Passive Mode (89,116,53,41,8,89).'
*cmd* 'STOR iphone-16-pro-max-vs-samsung-s24-ultra.json'
*resp* '150 Opening BINARY mode data connection for iphone-16-pro-max-vs-samsung-s24-ultra.json'
*resp* '226 Transfer complete'
*cmd* 'CWD /'
*resp* '250 CWD command successful'
*cmd* 'CWD data'
*resp* '250 CWD command successful'
*cmd* 'CWD articles'
*resp* '250 CWD command successful'
Uploading data/articles/index.json...
*cmd* 'TYPE I'
*resp* '200 Type set to I'
*cmd* 'PASV'
*resp* '227 Entering Passive Mode (89,116,53,41,9,15).'
*cmd* 'STOR index.json'
*resp* '150 Opening BINARY mode data connection for index.json'
*resp* '226 Transfer complete'
*cmd* 'CWD /'
*resp* '250 CWD command successful'
*cmd* 'CWD data'
*resp* '250 CWD command successful'
*cmd* 'CWD articles'
*resp* '250 CWD command successful'
Uploading data/articles/best-tech-gadgets-amazon-2025-fixed.json...
*cmd* 'TYPE I'
*resp* '200 Type set to I'
*cmd* 'PASV'
*resp* '227 Entering Passive Mode (89,116,53,41,9,56).'
*cmd* 'STOR best-tech-gadgets-amazon-2025-fixed.json'
*resp* '150 Opening BINARY mode data connection for best-tech-gadgets-amazon-2025-fixed.json'
*resp* '226 Transfer complete'
*cmd* 'CWD /'
*resp* '250 CWD command successful'
*cmd* 'CWD data'
*resp* '250 CWD command successful'
*cmd* 'CWD articles'
*resp* '250 CWD command successful'
Uploading data/articles/top-10-smart-home-gadgets-amazon-2025.json...
*cmd* 'TYPE I'
*resp* '200 Type set to I'
*cmd* 'PASV'
*resp* '227 Entering Passive Mode (89,116,53,41,9,44).'
*cmd* 'STOR top-10-smart-home-gadgets-amazon-2025.json'
*resp* '150 Opening BINARY mode data connection for top-10-smart-home-gadgets-amazon-2025.json'
*resp* '226 Transfer complete'
*cmd* 'CWD /'
*resp* '250 CWD command successful'
*cmd* 'CWD data'
*resp* '250 CWD command successful'
*cmd* 'CWD articles'
*resp* '250 CWD command successful'
Uploading data/articles/revolutionary-ai-tech-products-amazon-2025.json...
*cmd* 'TYPE I'
*resp* '200 Type set to I'
*cmd* 'PASV'
*resp* '227 Entering Passive Mode (89,116,53,41,9,31).'
*cmd* 'STOR revolutionary-ai-tech-products-amazon-2025.json'
*resp* '150 Opening BINARY mode data connection for revolutionary-ai-tech-products-amazon-2025.json'
*resp* '226 Transfer complete'
*cmd* 'CWD /'
*resp* '250 CWD command successful'
*cmd* 'CWD data'
*resp* '250 CWD command successful'
*cmd* 'CWD articles'
*resp* '250 CWD command successful'
Uploading data/articles/ai-assistants-comparison-2025.json...
*cmd* 'TYPE I'
*resp* '200 Type set to I'
*cmd* 'PASV'
*resp* '227 Entering Passive Mode (89,116,53,41,8,246).'
*cmd* 'STOR ai-assistants-comparison-2025.json'
*resp* '150 Opening BINARY mode data connection for ai-assistants-comparison-2025.json'
*resp* '226 Transfer complete'
*cmd* 'CWD /'
*resp* '250 CWD command successful'
*cmd* 'CWD data'
*resp* '250 CWD command successful'
*cmd* 'CWD articles'
*resp* '250 CWD command successful'
Uploading data/articles/best-wireless-earbuds-2025.json...
*cmd* 'TYPE I'
*resp* '200 Type set to I'
*cmd* 'PASV'
*resp* '227 Entering Passive Mode (89,116,53,41,8,76).'
*cmd* 'STOR best-wireless-earbuds-2025.json'
*resp* '150 Opening BINARY mode data connection for best-wireless-earbuds-2025.json'
*resp* '226 Transfer complete'
*cmd* 'CWD /'
*resp* '250 CWD command successful'
*cmd* 'CWD data'
*resp* '250 CWD command successful'
*cmd* 'CWD articles'
*resp* '250 CWD command successful'
Uploading data/articles/schema-index.json...
*cmd* 'TYPE I'
*resp* '200 Type set to I'
*cmd* 'PASV'
*resp* '227 Entering Passive Mode (89,116,53,41,8,84).'
*cmd* 'STOR schema-index.json'
*resp* '150 Opening BINARY mode data connection for schema-index.json'
*resp* '226 Transfer complete'
*cmd* 'CWD /'
*resp* '250 CWD command successful'
*cmd* 'CWD assets'
*resp* '250 CWD command successful'
*cmd* 'CWD backgrounds'
*resp* '250 CWD command successful'
*cmd* 'CWD /'
*resp* '250 CWD command successful'
*cmd* 'CWD assets'
*resp* '250 CWD command successful'
*cmd* 'CWD backgrounds'
*resp* '250 CWD command successful'
Uploading assets/backgrounds/pivot-table-kompletny-przewodnik-excel-i.mp4...
*cmd* 'TYPE I'
*resp* '200 Type set to I'
*cmd* 'PASV'
*resp* '227 Entering Passive Mode (89,116,53,41,9,92).'
*cmd* 'STOR pivot-table-kompletny-przewodnik-excel-i.mp4'
*resp* '150 Opening BINARY mode data connection for pivot-table-kompletny-przewodnik-excel-i.mp4'
*resp* '226 Transfer complete'
*cmd* 'CWD /'
*resp* '250 CWD command successful'
*cmd* 'CWD assets'
*resp* '250 CWD command successful'
*cmd* 'CWD backgrounds'
*resp* '250 CWD command successful'
Uploading assets/backgrounds/a-usb-c-hub-laptop-vertical.mp4...
*cmd* 'TYPE I'
*resp* '200 Type set to I'
*cmd* 'PASV'
*resp* '227 Entering Passive Mode (89,116,53,41,9,34).'
*cmd* 'STOR a-usb-c-hub-laptop-vertical.mp4'
*resp* '150 Opening BINARY mode data connection for a-usb-c-hub-laptop-vertical.mp4'
*resp* '226 Transfer complete'
*cmd* 'CWD /'
*resp* '250 CWD command successful'
*cmd* 'CWD assets'
*resp* '250 CWD command successful'
*cmd* 'CWD backgrounds'
*resp* '250 CWD command successful'
Uploading assets/backgrounds/c-data-charts.mp4...
*cmd* 'TYPE I'
*resp* '200 Type set to I'
*cmd* 'PASV'
*resp* '227 Entering Passive Mode (89,116,53,41,8,121).'
*cmd* 'STOR c-data-charts.mp4'
*resp* '150 Opening BINARY mode data connection for c-data-charts.mp4'
*resp* '226 Transfer complete'
*cmd* 'CWD /'
*resp* '250 CWD command successful'
*cmd* 'CWD assets'
*resp* '250 CWD command successful'
*cmd* 'CWD backgrounds'
*resp* '250 CWD command successful'
Uploading assets/backgrounds/b-laptop-typing.mp4...
*cmd* 'TYPE I'
*resp* '200 Type set to I'
*cmd* 'PASV'
*resp* '227 Entering Passive Mode (89,116,53,41,9,62).'
*cmd* 'STOR b-laptop-typing.mp4'
*resp* '150 Opening BINARY mode data connection for b-laptop-typing.mp4'
*resp* '226 Transfer complete'
*cmd* 'CWD /'
*resp* '250 CWD command successful'
*cmd* 'CWD assets'
*resp* '250 CWD command successful'
*cmd* 'CWD backgrounds'
*resp* '250 CWD command successful'
Uploading assets/backgrounds/vlookup-complete-guide-excel-google-shee.mp4...
*cmd* 'TYPE I'
*resp* '200 Type set to I'
*cmd* 'PASV'
*resp* '227 Entering Passive Mode (89,116,53,41,8,124).'
*cmd* 'STOR vlookup-complete-guide-excel-google-shee.mp4'
*resp* '150 Opening BINARY mode data connection for vlookup-complete-guide-excel-google-shee.mp4'
*resp* '226 Transfer complete'
*cmd* 'CWD /'
*resp* '250 CWD command successful'
*cmd* 'CWD assets'
*resp* '250 CWD command successful'
*cmd* 'CWD backgrounds'
*resp* '250 CWD command successful'
Uploading assets/backgrounds/a-excel-spreadsheet-typing-lapto.mp4...
*cmd* 'TYPE I'
*resp* '200 Type set to I'
*cmd* 'PASV'
*resp* '227 Entering Passive Mode (89,116,53,41,8,67).'
*cmd* 'STOR a-excel-spreadsheet-typing-lapto.mp4'
*resp* '150 Opening BINARY mode data connection for a-excel-spreadsheet-typing-lapto.mp4'
*resp* '226 Transfer complete'

Sync finished. Success: 327, Failed: 0
*cmd* 'QUIT'
*resp* '221 Goodbye.'
p* '221 Goodbye.'
